"";"Price";"Year";"Make";"Model";"Mileage";"Engine"
"1";169995;2011;"NISSAN";"QASHQAI";112000;NA
"2";169995;2011;"NISSAN";"QASHQAI";112000;NA
"3";169995;2011;"NISSAN";"QASHQAI";112000;NA
"4";169995;2011;"NISSAN";"QASHQAI";112000;NA
"5";169995;2011;"NISSAN";"QASHQAI";112000;NA
"6";169995;2011;"NISSAN";"QASHQAI";112000;NA
"7";169995;2011;"NISSAN";"QASHQAI";112000;NA
"8";169995;2011;"NISSAN";"QASHQAI";112000;NA
"9";169995;2011;"NISSAN";"QASHQAI";112000;NA
"10";169995;2011;"NISSAN";"QASHQAI";112000;NA
"11";169995;2011;"NISSAN";"QASHQAI";112000;NA
"12";169995;2011;"NISSAN";"QASHQAI";112000;NA
"13";169995;2011;"NISSAN";"QASHQAI";112000;NA
"14";169995;2011;"NISSAN";"QASHQAI";112000;NA
"15";169995;2011;"NISSAN";"QASHQAI";112000;NA
"16";169995;2011;"NISSAN";"QASHQAI";112000;NA
"17";169995;2011;"NISSAN";"QASHQAI";112000;NA
"18";169995;2011;"NISSAN";"QASHQAI";112000;NA
"19";169995;2011;"NISSAN";"QASHQAI";112000;NA
"20";169995;2011;"NISSAN";"QASHQAI";112000;NA
"21";169995;2011;"NISSAN";"QASHQAI";112000;NA
"22";169995;2011;"NISSAN";"QASHQAI";112000;NA
"23";169995;2011;"NISSAN";"QASHQAI";112000;NA
"24";169995;2011;"NISSAN";"QASHQAI";112000;NA
"25";169995;2011;"NISSAN";"QASHQAI";112000;NA
"26";169995;2011;"NISSAN";"QASHQAI";112000;NA
"27";169995;2011;"NISSAN";"QASHQAI";112000;NA
"28";169995;2011;"NISSAN";"QASHQAI";112000;NA
"29";169995;2011;"NISSAN";"QASHQAI";112000;NA
"30";169995;2011;"NISSAN";"QASHQAI";112000;NA
"31";169995;2011;"NISSAN";"QASHQAI";112000;NA
"32";169995;2011;"NISSAN";"QASHQAI";112000;NA
"33";169995;2011;"NISSAN";"QASHQAI";112000;NA
"34";169995;2011;"NISSAN";"QASHQAI";112000;NA
"35";169995;2011;"NISSAN";"QASHQAI";112000;NA
"36";169995;2011;"NISSAN";"QASHQAI";112000;NA
"37";169995;2011;"NISSAN";"QASHQAI";112000;NA
"38";169995;2011;"NISSAN";"QASHQAI";112000;NA
"39";169995;2011;"NISSAN";"QASHQAI";112000;NA
"40";169995;2011;"NISSAN";"QASHQAI";112000;NA
"41";169995;2011;"NISSAN";"QASHQAI";112000;NA
"42";169995;2011;"NISSAN";"QASHQAI";112000;NA
"43";169995;2011;"NISSAN";"QASHQAI";112000;NA
"44";169995;2011;"NISSAN";"QASHQAI";112000;NA
"45";169995;2011;"NISSAN";"QASHQAI";112000;NA
"46";169995;2011;"NISSAN";"QASHQAI";112000;NA
"47";169995;2011;"NISSAN";"QASHQAI";112000;NA
"48";169995;2011;"NISSAN";"QASHQAI";112000;NA
"49";169995;2011;"NISSAN";"QASHQAI";112000;NA
"50";169995;2011;"NISSAN";"QASHQAI";112000;NA
"51";169995;2011;"NISSAN";"QASHQAI";112000;NA
"52";169995;2011;"NISSAN";"QASHQAI";112000;NA
"53";169995;2011;"NISSAN";"QASHQAI";112000;NA
"54";169995;2011;"NISSAN";"QASHQAI";112000;NA
"55";169995;2011;"NISSAN";"QASHQAI";112000;NA
"56";169995;2011;"NISSAN";"QASHQAI";112000;NA
"57";169995;2011;"NISSAN";"QASHQAI";112000;NA
"58";169995;2011;"NISSAN";"QASHQAI";112000;NA
"59";169995;2011;"NISSAN";"QASHQAI";112000;NA
"60";169995;2011;"NISSAN";"QASHQAI";112000;NA
"61";169995;2011;"NISSAN";"QASHQAI";112000;NA
"62";169995;2011;"NISSAN";"QASHQAI";112000;NA
"63";169995;2011;"NISSAN";"QASHQAI";112000;NA
"64";169995;2011;"NISSAN";"QASHQAI";112000;NA
"65";169995;2011;"NISSAN";"QASHQAI";112000;NA
"66";169995;2011;"NISSAN";"QASHQAI";112000;NA
"67";169995;2011;"NISSAN";"QASHQAI";112000;NA
"68";169995;2011;"NISSAN";"QASHQAI";112000;NA
"69";169995;2011;"NISSAN";"QASHQAI";112000;NA
"70";169995;2011;"NISSAN";"QASHQAI";112000;NA
"71";169995;2011;"NISSAN";"QASHQAI";112000;NA
"72";169995;2011;"NISSAN";"QASHQAI";112000;NA
"73";169995;2011;"NISSAN";"QASHQAI";112000;NA
"74";169995;2011;"NISSAN";"QASHQAI";112000;NA
"75";169995;2011;"NISSAN";"QASHQAI";112000;NA
"76";169995;2011;"NISSAN";"QASHQAI";112000;NA
"77";169995;2011;"NISSAN";"QASHQAI";112000;NA
"78";169995;2011;"NISSAN";"QASHQAI";112000;NA
"79";169995;2011;"NISSAN";"QASHQAI";112000;NA
"80";169995;2011;"NISSAN";"QASHQAI";112000;NA
"81";169995;2011;"NISSAN";"QASHQAI";112000;NA
"82";169995;2011;"NISSAN";"QASHQAI";112000;NA
"83";169995;2011;"NISSAN";"QASHQAI";112000;NA
"84";169995;2011;"NISSAN";"QASHQAI";112000;NA
"85";169995;2011;"NISSAN";"QASHQAI";112000;NA
"86";169995;2011;"NISSAN";"QASHQAI";112000;NA
"87";169995;2011;"NISSAN";"QASHQAI";112000;NA
"88";169995;2011;"NISSAN";"QASHQAI";112000;NA
"89";169995;2011;"NISSAN";"QASHQAI";112000;NA
"90";169995;2011;"NISSAN";"QASHQAI";112000;NA
"91";169995;2011;"NISSAN";"QASHQAI";112000;NA
"92";169995;2011;"NISSAN";"QASHQAI";112000;NA
"93";169995;2011;"NISSAN";"QASHQAI";112000;NA
"94";169995;2011;"NISSAN";"QASHQAI";112000;NA
"95";169995;2011;"NISSAN";"QASHQAI";112000;NA
"96";169995;2011;"NISSAN";"QASHQAI";112000;NA
"97";169995;2011;"NISSAN";"QASHQAI";112000;NA
"98";169995;2011;"NISSAN";"QASHQAI";112000;NA
"99";169995;2011;"NISSAN";"QASHQAI";112000;NA
"100";169995;2011;"NISSAN";"QASHQAI";112000;NA
"101";169995;2011;"NISSAN";"QASHQAI";112000;NA
"102";119950;2012;"NISSAN";"HARDBODY";105476;NA
"103";244900;2014;"NISSAN";"JUKE";7500;1,5
"104";99950;2014;"NISSAN";"MICRA";44066;NA
"105";249995;2014;"NISSAN";"JUKE";16000;NA
"106";385950;2012;"NISSAN";"NAVARA";102900;3
"107";109890;2012;"NISSAN";"NP200";70000;1,6
"108";129900;2014;"NISSAN";"ALMERA";12592;NA
"109";59900;2000;"NISSAN";"1400";137165;1,4
"110";89900;2005;"NISSAN";"X-TRAIL";137705;NA
"111";135900;2015;"NISSAN";"1400";2000;NA
"112";229900;2015;"NISSAN";"ALMERA";2000;NA
"113";159900;2007;"NISSAN";"PATHFINDER";164800;2
"114";139900;2010;"NISSAN";"QASHQAI";86000;1,6
"115";84900;2012;"NISSAN";"NP200";121000;1,6
"116";77000;2010;"NISSAN";"TIIDA";113000;NA
"117";79990;2010;"NISSAN";"TIIDA";234671;NA
"118";157900;2015;"NISSAN";"HARDBODY";11;NA
"119";59990;2009;"NISSAN";"LIVINA";195000;1,6
"120";209900;2013;"NISSAN";"X-TRAIL";70000;2
"121";49995;1993;"NISSAN";"SANI";306471;3
"122";239995;2014;"NISSAN";"QASHQAI";45100;2
"123";235000;2014;"NISSAN";"X-TRAIL";52133;NA
"124";215000;2013;"NISSAN";"X-TRAIL";60000;2
"125";129950;2015;"NISSAN";"NP200";50;1,6
"126";179800;2010;"NISSAN";"QASHQAI";57000;2
"127";139900;2008;"NISSAN";"NAVARA";2e+05;NA
"128";384000;2015;"NISSAN";"NP300";526;NA
"129";139900;2013;"NISSAN";"LIVINA";39917;NA
"130";349900;2015;"NISSAN";"QASHQAI";1026;NA
"131";77500;2003;"NISSAN";"X-TRAIL";152000;NA
"132";79900;2005;"NISSAN";"X";172600;NA
"133";109000;2013;"NISSAN";"NP200";88000;1,6
"134";105900;2014;"NISSAN";"MICRA";15000;1
"135";129500;2010;"NISSAN";"NAVARA";87000;NA
"136";259900;2013;"NISSAN";"NAVARA";105000;2,5
"137";129990;2013;"NISSAN";"NP200";20000;1,6
"138";99950;2012;"NISSAN";"NP200";98000;1,6
"139";129885;2013;"NISSAN";"NP200";71000;1,6
"140";132900;2015;"NISSAN";"NP200";NA;NA
"141";219900;2015;"NISSAN";"SENTRA";8300;NA
"142";129900;2013;"NISSAN";"NP300";46000;2
"143";189900;2012;"NISSAN";"QASHQAI";91503;NA
"144";289900;2012;"NISSAN";"NAVARA";49800;2,5
"145";199900;2015;"NISSAN";"SENTRA";11525;NA
"146";209990;2013;"NISSAN";"QASHQAI";43499;1,6
"147";129900;2005;"NISSAN";"350Z";153000;3
"148";149950;2007;"NISSAN";"NAVARA";193000;4
"149";369900;2010;"NISSAN";"PATHFINDER";60000;3
"150";229900;2014;"NISSAN";"JUKE";16194;NA
"151";379900;2013;"NISSAN";"PATHFINDER";81000;2,5
"152";454900;2015;"NISSAN";"X-TRAIL";50;1,6
"153";105900;2014;"NISSAN";"MICRA";15000;1
"154";129900;2012;"NISSAN";"LIVINA";53000;1,6
"155";242900;2015;"NISSAN";"JUKE";50;1,2
"156";317800;2015;"NISSAN";"NP300";579;NA
"157";139900;2015;"NISSAN";"MICRA";15000;1,2
"158";179950;2012;"NISSAN";"JUKE";71028;1,6
"159";199900;2012;"NISSAN";"QASHQAI";65000;2
"160";84950;2008;"NISSAN";"NP300";231000;NA
"161";229950;2010;"NISSAN";"X-TRAIL";94000;2,5
"162";114900;2014;"NISSAN";"NP200";51594;1,6
"163";69990;2010;"NISSAN";"MICRA";130000;1,4
"164";69950;2008;"NISSAN";"NP300";301000;NA
"165";229900;2013;"NISSAN";"QASHQAI";31000;1,5
"166";59990;2002;"NISSAN";"ALMERA";171000;1,6
"167";124950;2011;"NISSAN";"NP200";101693;1,6
"168";94999;2011;"NISSAN";"TIIDA";135000;1,6
"169";369900;2012;"NISSAN";"NAVARA";66000;NA
"170";189900;2014;"NISSAN";"SENTRA";7891;NA
"171";124990;2014;"NISSAN";"NP200";55147;1,6
"172";370489;2015;"NISSAN";"QASHQAI";255;NA
"173";179950;2013;"NISSAN";"X-TRAIL";61100;NA
"174";184900;2013;"NISSAN";"X-TRAIL";56500;2
"175";34999;2006;"NISSAN";"ALMERA";120000;NA
"176";104900;2013;"NISSAN";"NP200";124000;1,6
"177";259900;2011;"NISSAN";"NAVARA";92000;2,5
"178";139900;2015;"NISSAN";"NP200";250;NA
"179";199990;2013;"NISSAN";"QASHQAI";65091;NA
"180";169990;2014;"NISSAN";"NP200";28730;NA
"181";149900;2014;"NISSAN";"LIVINA";29843;NA
"182";89995;2012;"NISSAN";"MICRA";77000;1,2
"183";109000;2012;"NISSAN";"LIVINA";90324;1,6
"184";309900;2015;"NISSAN";"X-TRAIL";20;NA
"185";129900;2013;"NISSAN";"ALMERA";31000;NA
"186";194950;2011;"NISSAN";"X-TRAIL";104000;2
"187";339900;2015;"NISSAN";"QASHQAI";4500;NA
"188";129990;2012;"NISSAN";"NP300";71000;2
"189";139995;2015;"NISSAN";"NP200";150;NA
"190";129900;2014;"NISSAN";"NP200";82500;NA
"191";132900;2015;"NISSAN";"NP200";NA;NA
"192";376000;2015;"NISSAN";"NAVARA";NA;NA
"193";179900;2012;"NISSAN";"NP300";62662;NA
"194";199800;2012;"NISSAN";"JUKE";50668;NA
"195";169900;2010;"NISSAN";"QASHQAI";52500;2
"196";1490000;2015;"NISSAN";"GT-R";1600;3,8
"197";169900;2013;"NISSAN";"JUKE";65000;NA
"198";184900;2012;"NISSAN";"JUKE";69500;1,6
"199";199900;2014;"NISSAN";"SENTRA";30000;1,6
"200";74800;2010;"NISSAN";"NP200";152500;1,6
"201";199990;2013;"NISSAN";"X-TRAIL";65000;NA
"202";169900;2011;"NISSAN";"QASHQAI";197000;2
"203";99950;2010;"NISSAN";"NP200";110894;NA
"204";229950;2014;"NISSAN";"JUKE";13568;NA
"205";124950;2011;"NISSAN";"HARDBODY";104878;NA
"206";107899;2014;"NISSAN";"MICRA";23268;NA
"207";199950;2007;"NISSAN";"NAVARA";165600;2,5
"208";174900;2012;"NISSAN";"JUKE";NA;1,6
"209";174900;2012;"NISSAN";"JUKE";45000;1,6
"210";169900;2014;"NISSAN";"SENTRA";6500;NA
"211";219500;2012;"NISSAN";"QASHQAI";28000;2
"212";159900;2010;"NISSAN";"X-TRAIL";166222;NA
"213";120900;2015;"NISSAN";"MICRA";2000;NA
"214";339900;2015;"NISSAN";"JUKE";2000;NA
"215";209950;2013;"NISSAN";"QASHQAI";66100;2
"216";84900;2012;"NISSAN";"NP200";99000;1,6
"217";119900;2013;"NISSAN";"NP200";1e+05;NA
"218";79950;2008;"NISSAN";"LIVINA";109000;1,6
"219";179990;2011;"NISSAN";"X-TRAIL";114000;NA
"220";159000;2015;"NISSAN";"1400";500;NA
"221";139900;2009;"NISSAN";"QASHQAI";149600;NA
"222";209900;2013;"NISSAN";"X-TRAIL";70000;2
"223";249800;2015;"NISSAN";"NP300";503;2,4
"224";99995;2011;"NISSAN";"MICRA";53000;NA
"225";149950;2015;"NISSAN";"NP300";50;2
"226";129950;2015;"NISSAN";"NP200";50;1,6
"227";129950;2015;"NISSAN";"NP200";50;1,6
"228";149950;2007;"NISSAN";"PATHFINDER";207194;NA
"229";205409;2010;"NISSAN";"NAVARA";138000;NA
"230";384000;2015;"NISSAN";"NP300";515;NA
"231";84900;2009;"NISSAN";"NP200";175000;1,6
"232";58000;2001;"NISSAN";"1400";15000;NA
"233";178000;2012;"NISSAN";"QASHQAI";77000;NA
"234";92900;2010;"NISSAN";"1400";132000;NA
"235";74500;2006;"NISSAN";"X-TRAIL";123000;NA
"236";199000;2014;"NISSAN";"SENTRA";8000;1,6
"237";216000;2011;"NISSAN";"PATHFINDER";139700;2,5
"238";89900;2009;"NISSAN";"LIVINA";50000;1,6
"239";165000;2007;"NISSAN";"PATHFINDER";109000;NA
"240";94900;2013;"NISSAN";"NP200";40000;1,6
"241";104900;2013;"NISSAN";"NP200";97300;1,6
"242";132900;2015;"NISSAN";"NP200";NA;NA
"243";249900;2015;"NISSAN";"LIGHT";9200;NA
"244";194900;2012;"NISSAN";"QASHQAI";36500;1,5
"245";239000;2014;"NISSAN";"QASHQAI";28000;NA
"246";279900;2014;"NISSAN";"QASHQAI";22000;NA
"247";64900;2008;"NISSAN";"TIIDA";218989;1,6
"248";104950;2014;"NISSAN";"MICRA";43453;NA
"249";209900;2012;"NISSAN";"X";125000;NA
"250";159900;2015;"NISSAN";"NP200";19734;1,6
"251";119900;2010;"NISSAN";"NP200";122500;1,5
"252";209800;2009;"NISSAN";"NAVARA";163000;2,5
"253";109900;2012;"NISSAN";"NP200";136000;NA
"254";219990;2013;"NISSAN";"NAVARA";64000;2,5
"255";105900;2014;"NISSAN";"MICRA";15000;1
"256";215000;2013;"NISSAN";"X-TRAIL";60000;2
"257";319000;2014;"NISSAN";"X-TRAIL";15500;2,5
"258";259900;2015;"NISSAN";"JUKE";6789;NA
"259";159900;2014;"NISSAN";"LIVINA";13000;1,6
"260";259950;2015;"NISSAN";"JUKE";NA;1,6
"261";129900;2011;"NISSAN";"NP200";12513;1,6
"262";179900;2010;"NISSAN";"MURANO";135000;3,5
"263";129900;2013;"NISSAN";"ALMERA";55600;1,5
"264";109900;2014;"NISSAN";"NP200";63011;1,6
"265";44990;1989;"NISSAN";"1400";190000;1,4
"266";95000;2008;"NISSAN";"QASHQAI";154000;2
"267";179950;2012;"NISSAN";"NP300";200650;NA
"268";179900;2011;"NISSAN";"X-TRAIL";92000;2
"269";199950;2013;"NISSAN";"JUKE";19348;NA
"270";179900;2012;"NISSAN";"JUKE";26000;1,6
"271";229900;2012;"NISSAN";"NAVARA";24000;NA
"272";109900;2012;"NISSAN";"MICRA";48056;NA
"273";109900;2010;"NISSAN";"LIVINA";68000;NA
"274";269800;2012;"NISSAN";"NAVARA";98569;2,5
"275";119950;2013;"NISSAN";"LIVINA";31000;NA
"276";99150;2011;"NISSAN";"NP200";115000;1,6
"277";85900;2011;"NISSAN";"MICRA";58000;1,2
"278";189990;2012;"NISSAN";"NP300";78246;2,4
"279";189900;2012;"NISSAN";"JUKE";65000;1,6
"280";339900;2015;"NISSAN";"QASHQAI";6500;NA
"281";259000;2014;"NISSAN";"X-TRAIL";6600;NA
"282";199990;2014;"NISSAN";"SENTRA";13625;NA
"283";199900;2015;"NISSAN";"NP300";588;NA
"284";184995;2012;"NISSAN";"JUKE";18500;1,6
"285";179000;2011;"NISSAN";"X-TRAIL";143465;2,5
"286";319900;2014;"NISSAN";"LIGHT";2112;NA
"287";115900;2015;"NISSAN";"MICRA";18000;NA
"288";29900;1992;"NISSAN";"MAXIMA";250000;3
"289";349900;2015;"NISSAN";"QASHQAI";100;NA
"290";104900;2011;"NISSAN";"MICRA";52000;1,5
"291";139995;2015;"NISSAN";"NP200";200;NA
"292";129900;2014;"NISSAN";"NP200";106000;NA
"293";132900;2015;"NISSAN";"NP200";NA;NA
"294";391200;2015;"NISSAN";"X-TRAIL";NA;NA
"295";191700;2011;"NISSAN";"HARDBODY";135000;NA
"296";104900;2012;"NISSAN";"LIVINA";78000;NA
"297";179900;2011;"NISSAN";"QASHQAI";141000;1,6
"298";119995;2010;"NISSAN";"NP200";78809;1,6
"299";89900;2006;"NISSAN";"X-TRAIL";185215;NA
"300";159000;2009;"NISSAN";"QASHQAI";122000;2
"301";199900;2014;"NISSAN";"SENTRA";30000;1,6
"302";89950;2009;"NISSAN";"NP200";89988;1,6
"303";239990;2013;"NISSAN";"X-TRAIL";94322;NA
"304";189950;2012;"NISSAN";"JUKE";18000;1,6
"305";105950;2012;"NISSAN";"NP200";35931;NA
"306";123900;2015;"NISSAN";"NP200";NA;NA
"307";227500;2013;"NISSAN";"NP300";80184;NA
"308";155000;2014;"NISSAN";"NP200";23000;NA
"309";269950;2011;"NISSAN";"NAVARA";143364;2,5
"310";999995;2011;"NISSAN";"GT-R";35000;3
"311";194900;2012;"NISSAN";"JUKE";40000;1,6
"312";79900;2005;"NISSAN";"X-TRAIL";215000;2,2
"313";149990;2012;"NISSAN";"JUKE";101404;NA
"314";120900;2015;"NISSAN";"1400";2000;NA
"315";194900;2015;"NISSAN";"1400";2000;NA
"316";114990;2013;"NISSAN";"ALMERA";41582;1,5
"317";99995;2010;"NISSAN";"NP200";73728;NA
"318";2e+05;2010;"NISSAN";"NAVARA";90000;2,5
"319";159950;2010;"NISSAN";"QASHQAI";93100;NA
"320";189990;2010;"NISSAN";"NP300";135000;NA
"321";115900;2012;"NISSAN";"1400";120000;NA
"322";209900;2013;"NISSAN";"X-TRAIL";70000;2
"323";109950;2005;"NISSAN";"HARDBODY";190000;3
"324";129968;2015;"NISSAN";"NP200";19500;NA
"325";239995;2014;"NISSAN";"QASHQAI";45000;2
"326";149950;2015;"NISSAN";"NP300";50;2
"327";129950;2015;"NISSAN";"NP200";50;1,6
"328";129950;2015;"NISSAN";"NP200";50;1,6
"329";349950;2013;"NISSAN";"PATHFINDER";63855;NA
"330";174384;2015;"NISSAN";"1400";300;NA
"331";139990;2012;"NISSAN";"LIVINA";63000;1,6
"332";98990;2007;"NISSAN";"X-TRAIL";166000;2
"333";114995;2008;"NISSAN";"HARDBODY";108000;NA
"334";264500;2015;"NISSAN";"JUKE";NA;NA
"335";289900;2011;"NISSAN";"NAVARA";104000;NA
"336";198900;2011;"NISSAN";"MURANO";120960;3,5
"337";319900;2013;"NISSAN";"NAVARA";92000;2,5
"338";179900;2015;"NISSAN";"NP200";150;1,5
"339";29999;2001;"NISSAN";"ALMERA";268000;NA
"340";159900;2010;"NISSAN";"HARDBODY";95000;NA
"341";79900;2010;"NISSAN";"TIIDA";68500;1,6
"342";123900;2015;"NISSAN";"NP200";NA;NA
"343";132900;2015;"NISSAN";"NP200";NA;NA
"344";349900;2015;"NISSAN";"QASHQAI";10300;NA
"345";109900;2013;"NISSAN";"MICRA";21584;1,2
"346";129995;2011;"NISSAN";"NP300";228000;2,5
"347";119900;2013;"NISSAN";"NP200";30600;1,6
"348";199900;2011;"NISSAN";"QASHQAI";NA;2
"349";199900;2011;"NISSAN";"QASHQAI";54000;2
"350";109950;2012;"NISSAN";"TIIDA";64309;NA
"351";412000;2015;"NISSAN";"HARDBODY";500;NA
"352";159950;2010;"NISSAN";"HARDBODY";119100;2,5
"353";449900;2014;"NISSAN";"370Z";26500;3,7
"354";172990;2010;"NISSAN";"QASHQAI";72574;NA
"355";209990;2013;"NISSAN";"JUKE";54676;NA
"356";138900;2014;"NISSAN";"ALMERA";30000;1
"357";105900;2014;"NISSAN";"MICRA";15000;1
"358";52500;2000;"NISSAN";"SENTRA";123000;NA
"359";89995;2011;"NISSAN";"NP200";45000;1,6
"360";294900;2015;"NISSAN";"QASHQAI";2518;NA
"361";323900;2015;"NISSAN";"JUKE";200;NA
"362";339995;2015;"NISSAN";"NAVARA";5480;2,5
"363";85000;2010;"NISSAN";"NP200";18621;1,6
"364";199990;2014;"NISSAN";"SENTRA";13625;NA
"365";49900;2005;"NISSAN";"ALMERA";180000;1,6
"366";134900;2006;"NISSAN";"NAVARA";320000;2,5
"367";1500000;2015;"NISSAN";"GT-R";4800;3,8
"368";44950;1997;"NISSAN";"SENTRA";NA;1,4
"369";139995;2013;"NISSAN";"NP300";49000;2
"370";97000;2011;"NISSAN";"GRAND";67900;1,6
"371";329900;2013;"NISSAN";"NAVARA";39362;2,5
"372";124950;2013;"NISSAN";"TIIDA";62403;NA
"373";299900;2014;"NISSAN";"QASHQAI";17747;NA
"374";135900;2014;"NISSAN";"ALMERA";8976;NA
"375";149900;2014;"NISSAN";"ALMERA";12169;NA
"376";119900;2013;"NISSAN";"NP200";155000;NA
"377";179950;2013;"NISSAN";"X-TRAIL";74660;NA
"378";259900;2014;"NISSAN";"X-TRAIL";22175;2
"379";79950;2011;"NISSAN";"MICRA";76000;1,2
"380";129900;2015;"NISSAN";"NP200";519;NA
"381";169900;2009;"NISSAN";"QASHQAI";140000;2
"382";345900;2015;"NISSAN";"NAVARA";250;NA
"383";161219;2015;"NISSAN";"NP200";9921;NA
"384";169900;2010;"NISSAN";"X";117500;NA
"385";919900;2010;"NISSAN";"GT-R";25000;3,8
"386";142990;2013;"NISSAN";"LIVINA";31000;1,6
"387";275900;2015;"NISSAN";"QASHQAI";9800;1,2
"388";135000;2015;"NISSAN";"MICRA";5122;NA
"389";209900;2012;"NISSAN";"NAVARA";108000;NA
"390";69900;2009;"NISSAN";"TIIDA";150000;1,6
"391";199900;2014;"NISSAN";"JUKE";27500;NA
"392";309800;2013;"NISSAN";"NAVARA";40000;2,5
"393";319995;2012;"NISSAN";"XTRAIL";53000;NA
"394";139995;2015;"NISSAN";"NP200";132;NA
"395";132900;2015;"NISSAN";"NP200";NA;NA
"396";384800;2015;"NISSAN";"X-TRAIL";NA;NA
"397";199900;2011;"NISSAN";"NAVARA";101700;NA
"398";171500;2015;"NISSAN";"NP200";729;NA
"399";99900;2013;"NISSAN";"NP200";48699;NA
"400";219994;2013;"NISSAN";"X-TRAIL";57673;2
"401";195900;2013;"NISSAN";"X-TRAIL";49911;NA
"402";219900;2014;"NISSAN";"JUKE";48000;1,5
"403";209900;2011;"NISSAN";"QASHQAI";65000;2
"404";164800;2011;"NISSAN";"X-TRAIL";104000;2
"405";250000;2012;"NISSAN";"X-TRAIL";41702;NA
"406";110000;2012;"NISSAN";"TIIDA";100379;NA
"407";89950;2013;"NISSAN";"MICRA";37653;NA
"408";124950;2014;"NISSAN";"ALMERA";45510;NA
"409";235950;2014;"NISSAN";"X-TRAIL";41899;NA
"410";89995;2010;"NISSAN";"NP200";103606;1,6
"411";89900;2012;"NISSAN";"NP200";206000;1,6
"412";252900;2015;"NISSAN";"JUKE";2100;1,2
"413";84900;2011;"NISSAN";"MICRA";52000;NA
"414";89950;2011;"NISSAN";"NP300";95000;2,5
"415";49800;2005;"NISSAN";"MICRA";143082;NA
"416";134900;2009;"NISSAN";"X";103000;NA
"417";329900;2015;"NISSAN";"QASHQAI";2000;NA
"418";69900;2005;"NISSAN";"X-TRAIL";252010;2
"419";119990;2014;"NISSAN";"NP200";303;1,6
"420";109995;2013;"NISSAN";"MICRA";46762;1,2
"421";79950;2003;"NISSAN";"HARDBODY";142000;3,3
"422";159990;2013;"NISSAN";"NP300";87861;NA
"423";94950;2011;"NISSAN";"MICRA";43000;NA
"424";209900;2013;"NISSAN";"X-TRAIL";70000;2
"425";79995;2003;"NISSAN";"X-TRAIL";201962;2
"426";389990;2015;"NISSAN";"QASHQAI";3000;1,6
"427";149950;2015;"NISSAN";"NP300";50;2
"428";149950;2015;"NISSAN";"NP300";50;2
"429";159995;2013;"NISSAN";"LIVINA";22500;1,6
"430";129950;2015;"NISSAN";"NP200";50;1,6
"431";160000;2010;"NISSAN";"MURANO";116000;2,5
"432";109994;2014;"NISSAN";"MICRA";21591;NA
"433";239000;2013;"NISSAN";"JUKE";49600;1,6
"434";134000;2006;"NISSAN";"PATHFINDER";173900;2,5
"435";79900;2010;"NISSAN";"TIIDA";26713;NA
"436";339500;2015;"NISSAN";"JUKE";NA;NA
"437";319995;2014;"NISSAN";"NAVARA";28600;NA
"438";409900;2015;"NISSAN";"NAVARA";29764;NA
"439";139900;2013;"NISSAN";"TIIDA";55057;1,6
"440";189900;2014;"NISSAN";"NP200";10000;1,5
"441";149900;2006;"NISSAN";"350Z";134000;3,5
"442";249900;2014;"NISSAN";"NP300";29000;NA
"443";149900;2013;"NISSAN";"NP200";28026;1,6
"444";132900;2015;"NISSAN";"NP200";NA;NA
"445";132900;2015;"NISSAN";"NP200";NA;NA
"446";399900;2014;"NISSAN";"PATHFINDER";15200;NA
"447";229995;2013;"NISSAN";"JUKE";46800;1,6
"448";149900;2011;"NISSAN";"HARDBODY";64318;2,4
"449";99900;2010;"NISSAN";"NP200";69137;NA
"450";1199995;2012;"NISSAN";"GT-R";12000;3,8
"451";179950;2013;"NISSAN";"X-TRAIL";48442;NA
"452";99900;2006;"NISSAN";"X";155000;NA
"453";99900;2007;"NISSAN";"X-TRAIL";253950;NA
"454";189900;2014;"NISSAN";"SENTRA";11000;1,6
"455";119900;2012;"NISSAN";"LIVINA";65059;NA
"456";299990;2014;"NISSAN";"X-TRAIL";61798;NA
"457";89900;2010;"NISSAN";"TIIDA";65000;1,6
"458";105900;2014;"NISSAN";"MICRA";15000;1
"459";69000;2009;"NISSAN";"NP200";160000;NA
"460";129950;2015;"NISSAN";"NP200";50;1,6
"461";159900;2015;"NISSAN";"ALMERA";2587;NA
"462";134990;2013;"NISSAN";"ALMERA";23528;NA
"463";219900;2012;"NISSAN";"QASHQAI";33000;2
"464";155000;2011;"NISSAN";"NAVARA";70000;NA
"465";269990;2015;"NISSAN";"QASHQAI";32000;NA
"466";134850;2011;"NISSAN";"NP300";160000;2
"467";259900;2014;"NISSAN";"X-TRAIL";22521;2
"468";85000;2010;"NISSAN";"TIIDA";105000;NA
"469";199900;2013;"NISSAN";"NV200";24645;1,6
"470";134900;2013;"NISSAN";"LIVINA";32000;1,6
"471";109990;2012;"NISSAN";"MICRA";40000;1,2
"472";94900;2013;"NISSAN";"MICRA";47233;1,2
"473";119950;2013;"NISSAN";"LIVINA";50500;NA
"474";95990;2013;"NISSAN";"MICRA";56792;NA
"475";129800;2012;"NISSAN";"NP200";127380;1,5
"476";149900;2014;"NISSAN";"ALMERA";16329;NA
"477";259950;2014;"NISSAN";"JUKE";14000;1,6
"478";229900;2013;"NISSAN";"X-TRAIL";76417;NA
"479";179000;2012;"NISSAN";"QASHQAI";45500;1,6
"480";124995;2009;"NISSAN";"X-TRAIL";160643;2
"481";129900;2015;"NISSAN";"NP200";19;NA
"482";249990;2012;"NISSAN";"MURANO";94000;3,5
"483";109995;2013;"NISSAN";"NP200";35741;NA
"484";398989;2014;"NISSAN";"X-TRAIL";13500;NA
"485";229900;2011;"NISSAN";"NAVARA";90521;2,5
"486";199900;2013;"NISSAN";"JUKE";64000;1,6
"487";89950;2008;"NISSAN";"GRAND";118000;1,6
"488";349900;2014;"NISSAN";"QASHQAI";11966;1,6
"489";445000;2015;"NISSAN";"X-TRAIL";4850;NA
"490";289995;2013;"NISSAN";"NAVARA";54163;NA
"491";179900;2012;"NISSAN";"JUKE";80711;NA
"492";289900;2012;"NISSAN";"NAVARA";91000;2,5
"493";124800;2011;"NISSAN";"HARDBODY";157000;2
"494";59950;2007;"NISSAN";"HARDBODY";4e+05;NA
"495";159995;2014;"NISSAN";"ALMERA";15000;NA
"496";132900;2015;"NISSAN";"NP200";NA;NA
"497";184900;2012;"NISSAN";"JUKE";43000;1,6
"498";106900;2012;"NISSAN";"NP200";98800;1,6
"499";334900;2015;"NISSAN";"QASHQAI";1163;NA
"500";1565000;2015;"NISSAN";"GT-R";40;3,8
"501";184995;2012;"NISSAN";"JUKE";95364;1,6
"502";245900;2013;"NISSAN";"X-TRAIL";56544;NA
"503";129900;2014;"NISSAN";"NP200";25000;1,6
"504";99950;2012;"NISSAN";"MICRA";63548;1,4
"505";307900;2012;"NISSAN";"NAVARA";102400;2,5
"506";219990;2013;"NISSAN";"QASHQAI";55007;NA
"507";189900;2012;"NISSAN";"X";73500;NA
"508";127900;2015;"NISSAN";"1400";2000;NA
"509";132900;2015;"NISSAN";"NP200";63;NA
"510";179950;2013;"NISSAN";"JUKE";47981;NA
"511";119990;2013;"NISSAN";"NP200";76000;1,6
"512";85950;2012;"NISSAN";"MICRA";56300;1,2
"513";259995;2014;"NISSAN";"NP300";1868;NA
"514";345900;2013;"NISSAN";"NAVARA";118713;2,5
"515";99900;2011;"NISSAN";"NP200";105700;1,6
"516";139800;2012;"NISSAN";"LIVINA";36130;NA
"517";184900;2013;"NISSAN";"QASHQAI";21227;NA
"518";59999;2003;"NISSAN";"X-TRAIL";270000;NA
"519";69900;2005;"NISSAN";"X-TRAIL";252010;2
"520";94990;2010;"NISSAN";"LIVINA";84000;1,6
"521";49950;2007;"NISSAN";"1400";104000;1,4
"522";115000;2008;"NISSAN";"NAVARA";97000;NA
"523";259900;2014;"NISSAN";"X-TRAIL";63300;NA
"524";109995;2014;"NISSAN";"NP200";78000;1,4
"525";380000;2011;"NISSAN";"PATHFINDER";119400;3
"526";174900;2012;"NISSAN";"X-TRAIL";1e+05;2
"527";119990;2012;"NISSAN";"LIVINA";58000;1,6
"528";239995;2014;"NISSAN";"QASHQAI";36500;2
"529";129900;2011;"NISSAN";"NP200";33000;1,5
"530";94990;2012;"NISSAN";"MICRA";46000;1,2
"531";119950;2014;"NISSAN";"NP200";15000;1,6
"532";129900;2013;"NISSAN";"LIVINA";85000;NA
"533";139995;2014;"NISSAN";"ALMERA";17804;NA
"534";119900;2011;"NISSAN";"NP200";22000;1,6
"535";154900;2011;"NISSAN";"QASHQAI";98500;2
"536";89900;2012;"NISSAN";"NP200";66000;NA
"537";129900;2013;"NISSAN";"LIVINA";85000;NA
"538";104990;2006;"NISSAN";"MURANO";111000;3,5
"539";89900;2012;"NISSAN";"MICRA";67000;1,2
"540";149995;2008;"NISSAN";"QASHQAI";125091;2
"541";94900;2012;"NISSAN";"NP200";135000;1,6
"542";179900;2008;"NISSAN";"NAVARA";188000;2,5
"543";119990;2012;"NISSAN";"TIIDA";132642;NA
"544";149900;2009;"NISSAN";"HARDBODY";NA;NA
"545";132900;2015;"NISSAN";"NP200";NA;NA
"546";132900;2015;"NISSAN";"NP200";NA;NA
"547";129990;2013;"NISSAN";"ALMERA";54000;NA
"548";89850;2011;"NISSAN";"MICRA";106800;1,5
"549";139995;2009;"NISSAN";"PRIMASTAR";159429;1,9
"550";169950;2014;"NISSAN";"LIVINA";30000;1,6
"551";149900;2008;"NISSAN";"NAVARA";170000;4
"552";64900;2008;"NISSAN";"TIIDA";218989;1,6
"553";164900;2015;"NISSAN";"1400";2000;NA
"554";154900;2012;"NISSAN";"JUKE";52687;NA
"555";189900;2014;"NISSAN";"SENTRA";14000;1,6
"556";124950;2013;"NISSAN";"ALMERA";33000;NA
"557";109900;2010;"NISSAN";"TIIDA";102000;1,6
"558";138900;2014;"NISSAN";"ALMERA";30000;1
"559";51000;2012;"NISSAN";"MICRA";51000;NA
"560";349900;2015;"NISSAN";"JUKE";50;1,6
"561";129950;2015;"NISSAN";"NP200";50;1,6
"562";199900;2013;"NISSAN";"LIGHT";28000;NA
"563";144900;2013;"NISSAN";"1400";52000;NA
"564";90000;2011;"NISSAN";"MICRA";98000;NA
"565";159000;2012;"NISSAN";"QASHQAI";91346;1,6
"566";229900;2013;"NISSAN";"NP300";38000;2,5
"567";199990;2013;"NISSAN";"X-TRAIL";66501;NA
"568";109995;2012;"NISSAN";"1400";68000;NA
"569";239990;2012;"NISSAN";"NAVARA";46000;NA
"570";204990;2012;"NISSAN";"X-TRAIL";49000;NA
"571";129995;2014;"NISSAN";"NP200";45;1,6
"572";729900;2010;"NISSAN";"GT-R";49000;NA
"573";129900;1996;"NISSAN";"PATROL";146600;NA
"574";289950;2015;"NISSAN";"NAVARA";384;NA
"575";195900;2014;"NISSAN";"SENTRA";5760;NA
"576";109900;2013;"NISSAN";"NP200";83140;1,6
"577";189900;2014;"NISSAN";"SENTRA";12200;NA
"578";109950;2012;"NISSAN";"TIIDA";23000;1,6
"579";229900;2013;"NISSAN";"X-TRAIL";61406;NA
"580";170000;2013;"NISSAN";"JUKE";23600;NA
"581";269890;2012;"NISSAN";"NAVARA";72600;2,5
"582";139995;2015;"NISSAN";"NP200";500;NA
"583";84900;2011;"NISSAN";"NP200";133900;NA
"584";850000;2011;"NISSAN";"GT-R";89000;NA
"585";89900;2012;"NISSAN";"NP200";132036;1,6
"586";189950;2011;"NISSAN";"QASHQAI+2";98000;2
"587";179900;2013;"NISSAN";"JUKE";71000;1,6
"588";239990;2011;"NISSAN";"NAVARA";45000;2,5
"589";149900;2007;"NISSAN";"NAVARA";217000;2
"590";299900;2014;"NISSAN";"LIGHT";25784;NA
"591";159900;2011;"NISSAN";"QASHQAI";71234;NA
"592";90000;2006;"NISSAN";"NP300";154000;2,4
"593";85000;2013;"NISSAN";"MICRA";45000;1,2
"594";139900;2009;"NISSAN";"X-TRAIL";102000;2
"595";159950;2014;"NISSAN";"NP300";103705;NA
"596";239995;2014;"NISSAN";"QASHQAI";42000;2
"597";132900;2015;"NISSAN";"NP200";NA;NA
"598";98990;2009;"NISSAN";"NP300";163000;2
"599";159900;2012;"NISSAN";"JUKE";70553;NA
"600";214900;2013;"NISSAN";"HARDBODY";89000;NA
"601";1565000;2015;"NISSAN";"GT-R";40;3,8
"602";189900;2012;"NISSAN";"JUKE";64000;1,6
"603";124950;2014;"NISSAN";"NP200";107000;1,6
"604";105950;2005;"NISSAN";"X-TRAIL";113560;NA
"605";139900;2014;"NISSAN";"ALMERA";30000;1,5
"606";319800;2013;"NISSAN";"JUKE";27500;1,6
"607";199999;2013;"NISSAN";"NP300";38517;NA
"608";199900;2012;"NISSAN";"JUKE";50000;NA
"609";209900;2012;"NISSAN";"QASHQAI";49870;2
"610";187500;2015;"NISSAN";"NP300";NA;NA
"611";124950;2014;"NISSAN";"NP200";72000;1,6
"612";189900;2012;"NISSAN";"JUKE";56983;NA
"613";149950;2013;"NISSAN";"TIIDA";30466;1,6
"614";125950;2011;"NISSAN";"NP300";NA;2,5
"615";249900;2014;"NISSAN";"QASHQAI";54967;NA
"616";129900;2013;"NISSAN";"ALMERA";62000;1,5
"617";209950;2015;"NISSAN";"NV200";NA;NA
"618";217900;2015;"NISSAN";"JUKE";2000;NA
"619";165000;2006;"NISSAN";"NAVARA";269000;NA
"620";102900;2014;"NISSAN";"MICRA";15000;1,2
"621";39995;2003;"NISSAN";"MAXIMA";280000;3
"622";199995;2013;"NISSAN";"JUKE";14000;NA
"623";114950;2007;"NISSAN";"HARDBODY";178000;NA
"624";139990;2012;"NISSAN";"GRAND";26800;1,6
"625";359900;2015;"NISSAN";"QASHQAI";50;1,6
"626";215000;2013;"NISSAN";"X-TRAIL";60000;2
"627";219000;2013;"NISSAN";"QASHQAI";40000;2
"628";279900;2011;"NISSAN";"NAVARA";95000;2,5
"629";149950;2015;"NISSAN";"NP300";50;2
"630";249995;2011;"NISSAN";"NAVARA";78500;2,5
"631";129950;2015;"NISSAN";"NP200";50;1,6
"632";109950;2011;"NISSAN";"LIVINA";71000;1,6
"633";199990;2013;"NISSAN";"X-TRAIL";62908;NA
"634";141100;2015;"NISSAN";"NP200";536;NA
"635";190000;2014;"NISSAN";"QASHQAI";13656;1,6
"636";129950;2013;"NISSAN";"TIIDA";48000;1,6
"637";99500;2013;"NISSAN";"NP200";53000;1,6
"638";145000;2011;"NISSAN";"NAVARA";115000;NA
"639";195000;2012;"NISSAN";"QASHQAI";52000;1,6
"640";79900;2005;"NISSAN";"HARDBODY";130000;2,4
"641";69500;2013;"NISSAN";"NP200";63000;NA
"642";129990;2009;"NISSAN";"X-TRAIL";176000;2
"643";89900;2010;"NISSAN";"MICRA";25000;1,2
"644";169990;2010;"NISSAN";"X-TRAIL";78529;NA
"645";44900;2000;"NISSAN";"SENTRA";157000;1,6
"646";132900;2015;"NISSAN";"NP200";NA;NA
"647";132900;2015;"NISSAN";"NP200";NA;NA
"648";169990;2010;"NISSAN";"QASHQAI";80097;NA
"649";79850;2012;"NISSAN";"MICRA";78860;1,2
"650";89995;2007;"NISSAN";"HARDBODY";129000;2,4
"651";89900;2011;"NISSAN";"MICRA";64000;1,2
"652";235900;2013;"NISSAN";"HARDBODY";66000;2,5
"653";199995;2012;"NISSAN";"JUKE";31400;1,6
"654";57000;2012;"NISSAN";"MICRA";39000;NA
"655";89900;2012;"NISSAN";"MICRA";57323;NA
"656";99900;2012;"NISSAN";"LIVINA";89000;1,6
"657";949999;2010;"NISSAN";"SKYLINE";28000;NA
"658";105950;2012;"NISSAN";"MICRA";66000;1,5
"659";129990;2013;"NISSAN";"ALMERA";54000;1,5
"660";139500;2010;"NISSAN";"NP300";165000;2,4
"661";339900;2015;"NISSAN";"JUKE";50;1,6
"662";129950;2015;"NISSAN";"NP200";50;1,6
"663";219000;2013;"NISSAN";"QASHQAI";40000;2
"664";214900;2012;"NISSAN";"NAVARA";95000;NA
"665";399900;2012;"NISSAN";"PATROL";77200;4,8
"666";195900;2011;"NISSAN";"QASHQAI";72089;NA
"667";219990;2013;"NISSAN";"QASHQAI";28000;1,5
"668";349990;2013;"NISSAN";"NAVARA";89526;NA
"669";119995;2013;"NISSAN";"1400";68000;NA
"670";139900;2011;"NISSAN";"HARDBODY";175000;NA
"671";157900;2015;"NISSAN";"NP300";250;NA
"672";269900;2010;"NISSAN";"MURANO";67000;3,5
"673";119950;2014;"NISSAN";"ALMERA";40920;NA
"674";139900;2013;"NISSAN";"ALMERA";55000;1,5
"675";109900;2009;"NISSAN";"LIVINA";148816;NA
"676";129990;2010;"NISSAN";"NP300";134000;2,4
"677";109900;2013;"NISSAN";"NP200";86113;1,6
"678";150600;2012;"NISSAN";"JUKE";146921;NA
"679";69995;2009;"NISSAN";"LIVINA";169084;1,6
"680";289900;2013;"NISSAN";"X-TRAIL";62788;NA
"681";179900;2007;"NISSAN";"PATHFINDER";117000;NA
"682";75000;2010;"NISSAN";"NP200";64000;NA
"683";189900;2012;"NISSAN";"JUKE";37000;1,6
"684";84900;2012;"NISSAN";"NP200";70000;1,6
"685";119990;2013;"NISSAN";"NP200";46000;1,6
"686";124950;2014;"NISSAN";"NP200";91000;1,6
"687";119900;2014;"NISSAN";"MICRA";26700;1,2
"688";105900;2011;"NISSAN";"MICRA";90000;1,5
"689";89950;2007;"NISSAN";"X-TRAIL";167000;2
"690";79990;2012;"NISSAN";"MICRA";49000;1,2
"691";94900;2012;"NISSAN";"NP200";93603;NA
"692";259900;2014;"NISSAN";"X-TRAIL";18897;2
"693";84900;2010;"NISSAN";"TIIDA";80000;1,6
"694";119900;2010;"NISSAN";"LIVINA";138900;1,6
"695";455000;2015;"NISSAN";"LEAF";15;NA
"696";259950;2015;"NISSAN";"NP300";374;NA
"697";169900;2012;"NISSAN";"QASHQAI";106000;1,6
"698";225200;2015;"NISSAN";"NV200";NA;NA
"699";189950;2015;"NISSAN";"NP200";100;NA
"700";209500;2012;"NISSAN";"QASHQAI";63000;2
"701";399000;2015;"NISSAN";"NAVARA";8000;2,5
"702";159990;2014;"NISSAN";"ALMERA";12036;NA
"703";299999;2012;"NISSAN";"NAVARA";59000;2,5
"704";124950;2014;"NISSAN";"NP200";73000;1,6
"705";174900;2012;"NISSAN";"JUKE";95700;NA
"706";89900;2010;"NISSAN";"TIIDA";120000;1,6
"707";357350;2015;"NISSAN";"QASHQAI";3000;1,5
"708";204990;2012;"NISSAN";"QASHQAI";87100;NA
"709";65000;2010;"NISSAN";"TIIDA";166239;NA
"710";199900;2014;"NISSAN";"SENTRA";18000;1,5
"711";219950;2013;"NISSAN";"QASHQAI";63405;NA
"712";159900;2015;"NISSAN";"HARDBODY";11700;NA
"713";239900;2013;"NISSAN";"JUKE";NA;NA
"714";135000;2013;"NISSAN";"TIIDA";38000;1,8
"715";289900;2014;"NISSAN";"NV350";33700;2,5
"716";249900;2014;"NISSAN";"QASHQAI";50033;NA
"717";124950;2014;"NISSAN";"ALMERA";45468;NA
"718";349950;2013;"NISSAN";"PATHFINDER";27156;NA
"719";234900;2015;"NISSAN";"JUKE";5000;NA
"720";369950;2015;"NISSAN";"QASHQAI";150;1,6
"721";102900;2014;"NISSAN";"MICRA";17432;1,2
"722";159995;2013;"NISSAN";"JUKE";104077;NA
"723";97000;2012;"NISSAN";"NP200";28200;1,6
"724";199950;2006;"NISSAN";"350Z";45585;NA
"725";219990;2014;"NISSAN";"JUKE";28451;1,6
"726";199900;2013;"NISSAN";"NV200";61000;1,6
"727";215000;2013;"NISSAN";"X-TRAIL";60000;2
"728";129900;2014;"NISSAN";"NP200";114000;NA
"729";389900;2015;"NISSAN";"X-TRAIL";16500;1,6
"730";85995;2010;"NISSAN";"NP300";112000;2
"731";149995;2013;"NISSAN";"NP200";48500;1,5
"732";89900;2013;"NISSAN";"MICRA";44000;1,2
"733";84995;2013;"NISSAN";"MICRA";39000;NA
"734";99000;2011;"NISSAN";"TIIDA";90350;NA
"735";141100;2015;"NISSAN";"NP200";519;NA
"736";59900;2004;"NISSAN";"X-TRAIL";234486;2
"737";96000;2012;"NISSAN";"NP200";105000;NA
"738";199900;2013;"NISSAN";"QASHQAI";72186;1,5
"739";199950;2015;"NISSAN";"NP300";1205;NA
"740";119900;2006;"NISSAN";"MURANO";153000;3
"741";179900;2010;"NISSAN";"X-TRAIL";148000;2
"742";269900;2010;"NISSAN";"NAVARA";71476;3
"743";899900;2010;"NISSAN";"GT-R";38000;3,8
"744";219995;2009;"NISSAN";"NAVARA";141000;2,5
"745";129995;2014;"NISSAN";"NP200";54223;NA
"746";319900;2013;"NISSAN";"NAVARA";49476;NA
"747";132900;2015;"NISSAN";"NP200";NA;NA
"748";132900;2015;"NISSAN";"NP200";NA;NA
"749";204995;2013;"NISSAN";"JUKE";42035;NA
"750";369000;2013;"NISSAN";"PATHFINDER";83200;2,5
"751";69950;2008;"NISSAN";"1400";59000;NA
"752";59950;2003;"NISSAN";"ALMERA";72000;1,6
"753";189900;2012;"NISSAN";"JUKE";37000;1,6
"754";159990;2012;"NISSAN";"JUKE";70146;NA
"755";89995;2012;"NISSAN";"MICRA";40000;1,2
"756";99900;2008;"NISSAN";"HARDBODY";196000;2,4
"757";119500;2012;"NISSAN";"LIVINA";44000;1,6
"758";91000;2011;"NISSAN";"NP200";92500;1,6
"759";129899;2012;"NISSAN";"LIVINA";70000;NA
"760";189000;2012;"NISSAN";"QASHQAI";77000;2
"761";209900;2013;"NISSAN";"X-TRAIL";60000;2
"762";311900;2015;"NISSAN";"JUKE";50;1,6
"763";219000;2013;"NISSAN";"QASHQAI";40000;2
"764";174800;2010;"NISSAN";"NP300";186264;2,5
"765";94900;2012;"NISSAN";"MICRA";57792;NA
"766";229995;2010;"NISSAN";"NAVARA";97696;2,5
"767";89990;2013;"NISSAN";"MICRA";71000;1,2
"768";199900;2012;"NISSAN";"QASHQAI";56900;2
"769";84850;2009;"NISSAN";"NP300";150000;2
"770";112000;2014;"NISSAN";"MICRA";7000;NA
"771";150500;2010;"NISSAN";"NAVARA";123;2,5
"772";159900;2006;"NISSAN";"NAVARA";125000;2,5
"773";184900;2012;"NISSAN";"JUKE";68000;1,6
"774";299500;2015;"NISSAN";"QASHQAI";NA;NA
"775";104900;2013;"NISSAN";"NP200";99800;NA
"776";29000;2007;"NISSAN";"1400";140000;NA
"777";99900;2006;"NISSAN";"X-TRAIL";172000;2,5
"778";99990;2004;"NISSAN";"HARDBODY";NA;3
"779";179900;2012;"NISSAN";"JUKE";71582;1,6
"780";189900;2013;"NISSAN";"QASHQAI";64321;1,6
"781";104900;2012;"NISSAN";"TIIDA";55000;NA
"782";109950;2012;"NISSAN";"NP300";123000;2
"783";139990;2012;"NISSAN";"JUKE";67000;NA
"784";114995;2013;"NISSAN";"NP200";22000;1,6
"785";349900;2015;"NISSAN";"QASHQAI";100;NA
"786";229900;2015;"NISSAN";"JUKE";9000;NA
"787";119950;2006;"NISSAN";"NAVARA";228355;4
"788";149900;2014;"NISSAN";"NP300";NA;2,4
"789";169950;2010;"NISSAN";"NAVARA";197000;2,5
"790";239990;2012;"NISSAN";"HARDBODY";73000;2,5
"791";84000;2009;"NISSAN";"HARDBODY";86000;NA
"792";149900;2015;"NISSAN";"ALMERA";11817;NA
"793";124900;2013;"NISSAN";"1400";37000;NA
"794";149900;2012;"NISSAN";"QASHQAI";121000;1,5
"795";109800;2014;"NISSAN";"MICRA";29900;1,2
"796";156300;2015;"NISSAN";"NP200";150;1,6
"797";369900;2015;"NISSAN";"NAVARA";20;NA
"798";259900;2014;"NISSAN";"NP300";36800;2,5
"799";225200;2015;"NISSAN";"NV200";NA;NA
"800";229900;2010;"NISSAN";"NAVARA";87100;2,5
"801";139990;2007;"NISSAN";"X-TRAIL";166000;2,2
"802";279900;2012;"NISSAN";"NAVARA";114000;2,5
"803";1565000;2015;"NISSAN";"GT-R";40;3,8
"804";104950;2014;"NISSAN";"MICRA";40790;NA
"805";139000;2013;"NISSAN";"TIIDA";20800;NA
"806";249950;2014;"NISSAN";"X-TRAIL";42000;2
"807";194900;2012;"NISSAN";"QASHQAI";56000;2
"808";119950;2013;"NISSAN";"LIVINA";38419;NA
"809";117950;2013;"NISSAN";"NP200";73000;1,6
"810";80000;2012;"NISSAN";"MICRA";77860;NA
"811";124900;2012;"NISSAN";"NP200";93000;1,5
"812";263500;2015;"NISSAN";"JUKE";NA;NA
"813";125995;2012;"NISSAN";"TIIDA";37558;NA
"814";329900;2015;"NISSAN";"NP300";100;NA
"815";209950;2012;"NISSAN";"QASHQAI";161500;2
"816";189990;2012;"NISSAN";"JUKE";69000;1,6
"817";89900;2011;"NISSAN";"MICRA";84000;NA
"818";69900;2006;"NISSAN";"MICRA";145000;1,4
"819";259900;2014;"NISSAN";"X-TRAIL";24222;2
"820";144900;2015;"NISSAN";"1400";2000;NA
"821";129950;2014;"NISSAN";"NP200";7499;1,6
"822";299900;2012;"NISSAN";"NAVARA";75000;2,5
"823";79995;2012;"NISSAN";"MICRA";69505;NA
"824";104990;2014;"NISSAN";"MICRA";49952;NA
"825";299900;2014;"NISSAN";"NAVARA";87000;NA
"826";179989;2011;"NISSAN";"HARDBODY";40845;2,4
"827";218000;2015;"NISSAN";"NV200";50;1,6
"828";129900;2012;"NISSAN";"JUKE";182000;1,6
"829";129900;2014;"NISSAN";"NP200";109500;NA
"830";149950;2015;"NISSAN";"NP300";50;2
"831";149950;2015;"NISSAN";"NP300";50;2
"832";139995;2014;"NISSAN";"NP200";13800;1,6
"833";129995;2014;"NISSAN";"ALMERA";28000;1,5
"834";119900;2012;"NISSAN";"TIIDA";68001;NA
"835";189900;2013;"NISSAN";"QASHQAI";35000;NA
"836";384000;2015;"NISSAN";"NP300";589;NA
"837";59900;2004;"NISSAN";"X-TRAIL";234486;2
"838";95990;2012;"NISSAN";"NP200";47000;1,6
"839";384800;2015;"NISSAN";"X-TRAIL";NA;NA
"840";109995;2006;"NISSAN";"MURANO";134000;3,5
"841";120000;2014;"NISSAN";"NP";36000;NA
"842";99900;2011;"NISSAN";"MICRA";30918;1,2
"843";299000;2014;"NISSAN";"QASHQAI";28000;1,5
"844";169900;2015;"NISSAN";"NP200";3000;1,6
"845";219990;2012;"NISSAN";"X-TRAIL";70000;2,5
"846";159995;2014;"NISSAN";"NP200";48294;NA
"847";109900;2014;"NISSAN";"NP200";30000;1,6
"848";132900;2015;"NISSAN";"NP200";NA;NA
"849";99995;2006;"NISSAN";"MURANO";155000;3,5
"850";145000;2014;"NISSAN";"ALMERA";3000;NA
"851";279990;2014;"NISSAN";"QASHQAI";20752;NA
"852";189990;2009;"NISSAN";"350Z";115000;3,5
"853";134900;2012;"NISSAN";"LIVINA";48000;1,6
"854";169900;2007;"NISSAN";"NAVARA";NA;2,5
"855";95990;2013;"NISSAN";"MICRA";55273;NA
"856";159950;2015;"NISSAN";"NP300";NA;2
"857";149000;2012;"NISSAN";"JUKE";78000;NA
"858";389950;2013;"NISSAN";"370Z";8000;3,7
"859";179900;2013;"NISSAN";"JUKE";28500;1,6
"860";199900;2012;"NISSAN";"QASHQAI";86000;NA
"861";138900;2014;"NISSAN";"ALMERA";30000;1
"862";209900;2013;"NISSAN";"X-TRAIL";70000;2
"863";285900;2015;"NISSAN";"JUKE";50;1,5
"864";219000;2013;"NISSAN";"QASHQAI";40000;2
"865";119990;2013;"NISSAN";"ALMERA";35313;NA
"866";319900;2015;"NISSAN";"QASHQAI";5000;NA
"867";189900;2012;"NISSAN";"NP300";178000;2,4
"868";329995;2011;"NISSAN";"PATHFINDER";139000;3
"869";129900;2013;"NISSAN";"ALMERA";52500;1,5
"870";99995;2013;"NISSAN";"MICRA";17000;1,2
"871";125000;2009;"NISSAN";"QASHQAI";186380;NA
"872";89950;2010;"NISSAN";"TIIDA";120000;NA
"873";122900;2013;"NISSAN";"ALMERA";45000;1,5
"874";89900;2012;"NISSAN";"MICRA";32000;1,2
"875";129990;2013;"NISSAN";"ALMERA";51208;NA
"876";299990;2015;"NISSAN";"QASHQAI";11037;NA
"877";229950;2011;"NISSAN";"NAVARA";NA;2,5
"878";349900;2013;"NISSAN";"NAVARA";21885;2,5
"879";89900;2011;"NISSAN";"TIIDA";196000;1,6
"880";149990;2013;"NISSAN";"LIVINA";29110;NA
"881";79995;2008;"NISSAN";"MICRA";60497;1,4
"882";109900;2013;"NISSAN";"TIIDA";50981;NA
"883";104995;2013;"NISSAN";"MICRA";63000;NA
"884";159990;2011;"NISSAN";"QASHQAI";82000;NA
"885";195900;2012;"NISSAN";"JUKE";43000;1,6
"886";169995;2011;"NISSAN";"QASHQAI";112000;NA
"887";189900;2012;"NISSAN";"JUKE";43872;NA
"888";49900;2002;"NISSAN";"1400";NA;1,4
"889";49900;2003;"NISSAN";"ALMERA";NA;1,5
"890";319900;2012;"NISSAN";"PATHFINDER";107921;2,5
"891";119900;2008;"NISSAN";"QASHQAI";155000;2
"892";49900;2007;"NISSAN";"TIIDA";1e+05;1,8
"893";169900;2009;"NISSAN";"MURANO";99879;3,5
"894";195900;2012;"NISSAN";"JUKE";39127;NA
"895";349900;2014;"NISSAN";"QASHQAI";20000;NA
"896";109800;2014;"NISSAN";"MICRA";22500;1,2
"897";114990;2013;"NISSAN";"NP200";45445;1,6
"898";164900;2011;"NISSAN";"JUKE";109000;1,6
"899";109995;2014;"NISSAN";"MICRA";11266;NA
"900";225200;2015;"NISSAN";"NV200";NA;NA
"901";199990;2013;"NISSAN";"QASHQAI";74303;NA
"902";184000;2011;"NISSAN";"QASHQAI";85000;2
"903";125900;2011;"NISSAN";"LIVINA";53376;NA
"904";1480000;2015;"NISSAN";"GT-R";2500;3,8
"905";104950;2014;"NISSAN";"MICRA";43738;NA
"906";220000;2012;"NISSAN";"X";91000;NA
"907";129990;2014;"NISSAN";"NP200";35523;NA
"908";199900;2013;"NISSAN";"X-TRAIL";57100;2
"909";119900;2013;"NISSAN";"NP200";45144;NA
"910";117950;2013;"NISSAN";"NP200";71000;1,6
"911";89990;2006;"NISSAN";"X-TRAIL";149000;2
"912";279900;2011;"NISSAN";"NAVARA";98000;NA
"913";349950;2013;"NISSAN";"PATHFINDER";63855;NA
"914";135900;2015;"NISSAN";"1400";13000;NA
"915";99900;2007;"NISSAN";"X-TRAIL";156000;NA
"916";209000;2012;"NISSAN";"QASHQAI";22500;2
"917";134900;2010;"NISSAN";"NP300";129621;2,4
"918";109900;2005;"NISSAN";"X";103305;NA
"919";209900;2014;"NISSAN";"JUKE";35000;NA
"920";74900;2009;"NISSAN";"NP200";113000;NA
"921";144900;2015;"NISSAN";"1400";2000;NA
"922";149900;2011;"NISSAN";"JUKE";111200;1
"923";49900;1999;"NISSAN";"1400";NA;1,4
"924";199900;2013;"NISSAN";"X-TRAIL";79000;2
"925";159950;2007;"NISSAN";"PATHFINDER";140500;4
"926";119990;2012;"NISSAN";"TIIDA";50690;NA
"927";104000;2012;"NISSAN";"1400";106000;NA
"928";109500;2010;"NISSAN";"NP200";93800;1,6
"929";215000;2013;"NISSAN";"X-TRAIL";60000;2
"930";139995;2007;"NISSAN";"PATHFINDER";202526;2,5
"931";149950;2015;"NISSAN";"NP300";50;2
"932";195000;2008;"NISSAN";"MURANO";25220;NA
"933";104995;2013;"NISSAN";"MICRA";47000;1,2
"934";79995;2011;"NISSAN";"MICRA";53000;1,2
"935";189900;2009;"NISSAN";"PATHFINDER";180000;2
"936";189950;2014;"NISSAN";"JUKE";21000;1,6
"937";384000;2015;"NISSAN";"NP300";517;NA
"938";109995;2012;"NISSAN";"LIVINA";114409;1,6
"939";96559;2012;"NISSAN";"NP200";69000;NA
"940";259900;2012;"NISSAN";"NAVARA";125000;2,5
"941";159995;2012;"NISSAN";"QASHQAI";77000;1,6
"942";155000;2010;"NISSAN";"PRIMASTAR";86000;NA
"943";102900;2013;"NISSAN";"NP200";72000;1,6
"944";84995;2012;"NISSAN";"NP200";195608;1,6
"945";249990;2015;"NISSAN";"NP300";100;NA
"946";209900;2012;"NISSAN";"JUKE";51000;1,6
"947";99950;2011;"NISSAN";"MICRA";73700;NA
"948";105900;2011;"NISSAN";"NP200";53500;1,6
"949";132900;2015;"NISSAN";"NP200";NA;NA
"950";98500;2011;"NISSAN";"NP200";138000;1,6
"951";195000;2014;"NISSAN";"SENTRA";6000;NA
"952";369990;2015;"NISSAN";"NAVARA";152;NA
"953";89990;2009;"NISSAN";"TIIDA";106000;1,6
"954";99800;2013;"NISSAN";"NP200";80196;1,6
"955";119950;2011;"NISSAN";"NP300";152000;2
"956";108000;2006;"NISSAN";"HARDBODY";163000;NA
"957";269900;2014;"NISSAN";"NAVARA";17500;2,5
"958";289990;2012;"NISSAN";"NAVARA";43308;2,5
"959";239900;2011;"NISSAN";"NAVARA";74513;NA
"960";209900;2012;"NISSAN";"QASHQAI";85000;2
"961";129950;2007;"NISSAN";"XTRAIL";161548;NA
"962";137800;2014;"NISSAN";"ALMERA";30000;1
"963";109995;2010;"NISSAN";"NP200";73500;NA
"964";265900;2015;"NISSAN";"JUKE";50;1,2
"965";269990;2012;"NISSAN";"X-TRAIL";105000;NA
"966";134990;2013;"NISSAN";"ALMERA";24461;NA
"967";102900;2014;"NISSAN";"MICRA";29011;NA
"968";109999;2006;"NISSAN";"MURANO";187000;3,5
"969";159900;2011;"NISSAN";"QASHQAI";98000;NA
"970";239900;2013;"NISSAN";"JUKE";33000;1,6
"971";99900;2013;"NISSAN";"NP200";69000;1,6
"972";192000;2015;"NISSAN";"ALMERA";1000;NA
"973";179900;2013;"NISSAN";"JUKE";33400;1,6
"974";219900;2012;"NISSAN";"QASHQAI";74200;2
"975";99900;2011;"NISSAN";"NP200";42450;1,6
"976";199990;2014;"NISSAN";"QASHQAI";60134;NA
"977";94990;2013;"NISSAN";"MICRA";36360;NA
"978";109800;2014;"NISSAN";"NP200";8100;1,6
"979";169849;2015;"NISSAN";"MICRA";10;NA
"980";139990;2014;"NISSAN";"NP300";33000;2
"981";156169;2015;"NISSAN";"NP200";11212;NA
"982";389000;2011;"NISSAN";"PATROL";138000;4,8
"983";99990;2011;"NISSAN";"TIIDA";69151;NA
"984";174900;2014;"NISSAN";"SENTRA";52000;1,6
"985";104990;2014;"NISSAN";"MICRA";17238;NA
"986";99000;2009;"NISSAN";"LIVINA";143000;NA
"987";169900;2014;"NISSAN";"SENTRA";12228;NA
"988";119900;2013;"NISSAN";"ALMERA";30191;NA
"989";189900;2010;"NISSAN";"HARDBODY";NA;2,5
"990";125900;2015;"NISSAN";"NP200";11132;NA
"991";239900;2015;"NISSAN";"NP300";100;NA
"992";279000;2011;"NISSAN";"NAVARA";103034;3
"993";189900;2014;"NISSAN";"SENTRA";21500;NA
"994";185900;2011;"NISSAN";"X-TRAIL";132000;2
"995";139000;2009;"NISSAN";"QASHQAI";51000;NA
"996";349900;2014;"NISSAN";"QASHQAI";18000;NA
"997";249900;2012;"NISSAN";"NAVARA";55362;2,5
"998";177900;2015;"NISSAN";"NP300";20;2
"999";129900;2014;"NISSAN";"NP200";98000;NA
"1000";119900;2013;"NISSAN";"MICRA";36000;1,5
"1001";225200;2015;"NISSAN";"NV200";NA;NA
"1002";169950;2013;"NISSAN";"JUKE";47176;NA
"1003";89990;2013;"NISSAN";"MICRA";58000;1,2
"1004";199900;2011;"NISSAN";"QASHQAI";115000;2
"1005";199900;2014;"NISSAN";"QASHQAI";16500;NA
"1006";119950;2014;"NISSAN";"ALMERA";45000;NA
"1007";129900;2014;"NISSAN";"TIIDA";20000;1,6
"1008";379995;2014;"NISSAN";"PATHFINDER";12000;2,5
"1009";99800;2012;"NISSAN";"MICRA";109000;1,5
"1010";129990;2015;"NISSAN";"NP200";15;NA
"1011";104950;2014;"NISSAN";"NP200";NA;1,6
"1012";139995;2010;"NISSAN";"QASHQAI";130700;NA
"1013";84995;2012;"NISSAN";"MICRA";61300;NA
"1014";199900;2013;"NISSAN";"X-TRAIL";57430;NA
"1015";146900;2015;"NISSAN";"1400";8000;NA
"1016";179990;2011;"NISSAN";"QASHQAI";53000;2
"1017";154950;2012;"NISSAN";"JUKE";53000;1,6
"1018";189995;2014;"NISSAN";"NP300";42000;NA
"1019";69900;2007;"NISSAN";"TIIDA";115000;1,6
"1020";179995;2013;"NISSAN";"JUKE";45701;NA
"1021";249900;2012;"NISSAN";"NAVARA";84500;NA
"1022";144900;2015;"NISSAN";"1400";2000;NA
"1023";199950;2013;"NISSAN";"X-TRAIL";85500;2
"1024";169999;2010;"NISSAN";"QASHQAI";72966;NA
"1025";84900;2011;"NISSAN";"NP200";78000;1,6
"1026";119950;2013;"NISSAN";"NP200";15000;1,6
"1027";79990;2010;"NISSAN";"TIIDA";207935;NA
"1028";145000;2015;"NISSAN";"1400";500;NA
"1029";179900;2012;"NISSAN";"QASHQAI";86500;1,6
"1030";159900;2012;"NISSAN";"JUKE";51000;1,6
"1031";159000;2007;"NISSAN";"PRIMASTAR";90500;1,9
"1032";149950;2015;"NISSAN";"NP300";50;2
"1033";229000;2014;"NISSAN";"QASHQAI";14691;NA
"1034";109900;2014;"NISSAN";"NP200";20500;1,6
"1035";124900;2011;"NISSAN";"NP200";96000;1,5
"1036";169900;2009;"NISSAN";"X-TRAIL";117000;2
"1037";116900;2010;"NISSAN";"HARDBODY";129101;NA
"1038";384000;2015;"NISSAN";"NP300";556;NA
"1039";229950;2013;"NISSAN";"JUKE";38000;1,6
"1040";505950;2003;"NISSAN";"1400";95321;NA
"1041";69950;2009;"NISSAN";"TIIDA";NA;NA
"1042";179899;2012;"NISSAN";"X-TRAIL";84000;2
"1043";350000;2011;"NISSAN";"PATROL";105000;NA
"1044";184000;2012;"NISSAN";"JUKE";49700;1,6
"1045";159995;2010;"NISSAN";"QASHQAI";104802;2
"1046";159990;2012;"NISSAN";"QASHQAI";88040;NA
"1047";NA;2012;"NISSAN";"NP200";152718;1,6
"1048";319949;2012;"NISSAN";"PATHFINDER";73000;2,5
"1049";179900;2012;"NISSAN";"JUKE";89000;1,6
"1050";132900;2015;"NISSAN";"NP200";NA;NA
"1051";139900;2015;"NISSAN";"MICRA";10300;NA
"1052";124995;2014;"NISSAN";"ALMERA";23775;NA
"1053";179900;2013;"NISSAN";"QASHQAI";45056;NA
"1054";114990;2013;"NISSAN";"ALMERA";54762;1,5
"1055";139900;2010;"NISSAN";"NP300";102862;NA
"1056";134990;2014;"NISSAN";"NP200";53000;1,6
"1057";124950;2014;"NISSAN";"NP200";86000;1,6
"1058";149950;2010;"NISSAN";"NP300";128000;2,5
"1059";140000;2008;"NISSAN";"X-TRAIL";144754;NA
"1060";249900;2015;"NISSAN";"JUKE";100;1,2
"1061";189900;2012;"NISSAN";"QASHQAI";67000;2
"1062";239990;2012;"NISSAN";"NAVARA";58000;2,5
"1063";105900;2014;"NISSAN";"MICRA";15000;1
"1064";215000;2013;"NISSAN";"X-TRAIL";60000;2
"1065";299995;2014;"NISSAN";"NV350";18000;2,5
"1066";159800;2010;"NISSAN";"NP300";164900;2,4
"1067";179500;2012;"NISSAN";"QASHQAI";87000;1,5
"1068";189900;2011;"NISSAN";"JUKE";63600;NA
"1069";219900;2011;"NISSAN";"QASHQAI";37756;2
"1070";99900;2012;"NISSAN";"NP200";171000;1,6
"1071";199900;2010;"NISSAN";"NAVARA";138000;4
"1072";109900;2013;"NISSAN";"NP200";63081;1,6
"1073";359900;2013;"NISSAN";"NAVARA";32500;2,5
"1074";155995;2012;"NISSAN";"JUKE";32944;1,6
"1075";119900;2013;"NISSAN";"NP200";74000;1,6
"1076";99900;2011;"NISSAN";"NP200";103000;1,6
"1077";169990;2009;"NISSAN";"NAVARA";214276;NA
"1078";169990;2012;"NISSAN";"NP300";75000;2,5
"1079";309900;2013;"NISSAN";"NAVARA";51000;NA
"1080";213169;2015;"NISSAN";"ALMERA";100;NA
"1081";229950;2013;"NISSAN";"QASHQAI";40000;2
"1082";74990;2011;"NISSAN";"NP200";156000;NA
"1083";169800;2010;"NISSAN";"NAVARA";136507;2,5
"1084";85000;2011;"NISSAN";"MICRA";71953;NA
"1085";189900;2015;"NISSAN";"NP200";15000;1,5
"1086";159995;2012;"NISSAN";"X-TRAIL";80500;NA
"1087";219990;2014;"NISSAN";"NP300";15426;2,4
"1088";169900;2014;"NISSAN";"NP200";16845;NA
"1089";129990;2012;"NISSAN";"TIIDA";59462;NA
"1090";199900;2012;"NISSAN";"JUKE";19000;1,6
"1091";199900;2015;"NISSAN";"NP300";889;NA
"1092";149800;2008;"NISSAN";"MURANO";114313;3
"1093";94850;2011;"NISSAN";"NP300";150000;2
"1094";189900;2014;"NISSAN";"SENTRA";20000;NA
"1095";119900;2013;"NISSAN";"ALMERA";44000;NA
"1096";109800;2007;"NISSAN";"HARDBODY";103000;2,4
"1097";324900;2015;"NISSAN";"QASHQAI";1000;NA
"1098";449900;2013;"NISSAN";"NAVARA";126400;3
"1099";209900;2012;"NISSAN";"JUKE";35000;1,6
"1100";129900;2014;"NISSAN";"NP200";143500;NA
"1101";239990;2011;"NISSAN";"NAVARA";45000;2,5
"1102";376000;2015;"NISSAN";"NAVARA";NA;NA
"1103";204900;2013;"NISSAN";"QASHQAI";57519;NA
"1104";214900;2012;"NISSAN";"NAVARA";63000;4
"1105";99900;2011;"NISSAN";"GRAND";145000;1,6
"1106";159950;2007;"NISSAN";"NAVARA";187000;2,5
"1107";119950;2014;"NISSAN";"ALMERA";40015;NA
"1108";389990;2015;"NISSAN";"QASHQAI";1660;NA
"1109";249995;2014;"NISSAN";"X-TRAIL";45000;NA
"1110";139800;2012;"NISSAN";"NP200";142000;1,5
"1111";129990;2015;"NISSAN";"NP200";11;NA
"1112";159995;2010;"NISSAN";"X-TRAIL";74026;2
"1113";259995;2010;"NISSAN";"MURANO";101500;NA
