"";"Price";"Year";"Make";"Model";"Mileage";"Engine";"AutoTraderPage"
"1";149990;2009;"SUBARU";"FORESTER";170000;2,5;1
"2";239995;2012;"SUBARU";"FORESTER";77000;2;1
"3";129000;2004;"SUBARU";"IMPREZA";143400;2;1
"4";239000;2012;"SUBARU";"OUTBACK";93000;2,5;1
"5";259995;2012;"SUBARU";"FORESTER";58100;2;1
"6";349950;2014;"SUBARU";"BRZ";11917;2;1
"7";349950;2014;"SUBARU";"FORESTER";15735;2,5;1
"8";349950;2014;"SUBARU";"FORESTER";22454;2,5;1
"9";330000;2012;"SUBARU";"IMPREZA";44000;2;1
"10";159990;2010;"SUBARU";"FORESTER";148000;2,5;1
"11";268500;2013;"SUBARU";"XV";61900;2;1
"12";149990;2009;"SUBARU";"FORESTER";170000;2,5;2
"13";195000;2008;"SUBARU";"FORESTER";92288;2,5;2
"14";189900;2007;"SUBARU";"IMPREZA";83169;NA;2
"15";59900;2004;"SUBARU";"FORESTER";161000;2,5;2
"16";69990;2004;"SUBARU";"FORESTER";115194;NA;2
"17";189900;2011;"SUBARU";"FORESTER";78000;2,5;2
"18";90000;2006;"SUBARU";"FORESTER";150000;NA;2
"19";169900;2009;"SUBARU";"FORESTER";77000;NA;2
"20";509000;2015;"SUBARU";"OUTBACK";3000;3,6;2
"21";119950;2007;"SUBARU";"FORESTER";149600;2,5;2
"22";119950;2004;"SUBARU";"WRX";160000;2;2
"23";149990;2009;"SUBARU";"FORESTER";170000;2,5;3
"24";199995;2007;"SUBARU";"IMPREZA";128000;2;3
"25";50000;2001;"SUBARU";"FORESTER";326000;NA;3
"26";249000;2012;"SUBARU";"IMPREZA";31000;NA;3
"27";215900;2010;"SUBARU";"WRX";70000;NA;3
"28";129950;2009;"SUBARU";"IMPREZA";30300;2;3
"29";109995;2005;"SUBARU";"OUTBACK";125000;3;3
"30";169900;2012;"SUBARU";"FORESTER";56000;NA;3
"31";99950;2007;"SUBARU";"FORESTER";136623;2,5;3
"32";114950;2007;"SUBARU";"FORESTER";97297;2,5;3
"33";99900;2004;"SUBARU";"FORESTER";117530;2,5;3
"34";149990;2009;"SUBARU";"FORESTER";170000;2,5;4
"35";159950;2010;"SUBARU";"FORESTER";NA;2,5;4
"36";379950;2015;"SUBARU";"FORESTER";3200;2,5;4
"37";129900;2008;"SUBARU";"FORESTER";123848;2,5;4
"38";279000;2014;"SUBARU";"XV";10000;NA;4
"39";99890;2009;"SUBARU";"FORESTER";278000;2,5;4
"40";169990;2008;"SUBARU";"TRIBECA";99500;NA;4
"41";219000;2009;"SUBARU";"OUTBACK";93000;2,5;4
"42";439000;2014;"SUBARU";"FORESTER";52000;2,5;4
"43";199000;2011;"SUBARU";"OUTBACK";110000;2,5;4
"44";169000;2010;"SUBARU";"FORESTER";113000;2,5;4
"45";149990;2009;"SUBARU";"FORESTER";170000;2,5;5
"46";169900;2010;"SUBARU";"FORESTER";82000;2,5;5
"47";198999;2010;"SUBARU";"IMPREZA";90700;2,5;5
"48";319900;2010;"SUBARU";"IMPREZA";62000;2,5;5
"49";179900;2009;"SUBARU";"FORESTER";94000;NA;5
"50";229500;2010;"See";"10";71600;2,5;5
"51";199950;2012;"SUBARU";"XV";48317;2;5
"52";209950;2012;"SUBARU";"XV";74643;2;5
"53";189950;2008;"SUBARU";"FORESTER";154931;NA;5
"54";199995;2010;"SUBARU";"IMPREZA";120000;NA;5
"55";66000;2008;"SUBARU";"IMPREZA";116600;1,6;5
"56";149990;2009;"SUBARU";"FORESTER";170000;2,5;6
"57";234950;2011;"SUBARU";"FORESTER";65000;2;6
"58";109950;2007;"SUBARU";"OUTBACK";176117;2,5;6
"59";89990;2009;"SUBARU";"IMPREZA";104000;2;6
"60";149995;2008;"SUBARU";"OUTBACK";189000;3;6
"61";179500;2011;"SUBARU";"OUTBACK";101480;2,5;6
"62";284950;2014;"SUBARU";"XV";15471;2;6
"63";449950;2015;"SUBARU";"OUTBACK";7453;2,5;6
"64";386200;2015;"SUBARU";"FORESTER";101;2,5;6
"65";386200;2015;"SUBARU";"FORESTER";101;2,5;6
"66";149950;2009;"SUBARU";"FORESTER";128243;2,5;6
"67";149990;2009;"SUBARU";"FORESTER";170000;2,5;7
"68";299950;2015;"SUBARU";"XV";5434;2;7
"69";289950;2015;"SUBARU";"XV";6788;2;7
"70";399000;2015;"SUBARU";"FORESTER";40;2,5;7
"71";360000;2015;"SUBARU";"FORESTER";40;2,5;7
"72";189950;2011;"SUBARU";"OUTBACK";76000;2,5;7
"73";159000;2009;"SUBARU";"FORESTER";152000;2,5;7
"74";389000;2014;"SUBARU";"WRX";13500;2;7
"75";510000;2015;"SUBARU";"FORESTER";20000;2;7
"76";269000;2011;"SUBARU";"OUTBACK";64000;2,5;7
"77";69950;2006;"SUBARU";"IMPREZA";226112;2;7
"78";149990;2009;"SUBARU";"FORESTER";170000;2,5;8
"79";269900;2013;"SUBARU";"XV";55347;2;8
"80";249950;2013;"SUBARU";"XV";62217;2;8
"81";207950;2010;"SUBARU";"OUTBACK";127653;2;8
"82";399950;2013;"SUBARU";"OUTBACK";42259;2;8
"83";224950;2010;"SUBARU";"FORESTER";113867;2,5;8
"84";59995;2003;"SUBARU";"FORESTER";145000;2,5;8
"85";159990;2011;"SUBARU";"IMPREZA";89683;2;8
"86";259000;2010;"SUBARU";"OUTBACK";80000;3,6;8
"87";529000;NA;"Sedan";NA;NA;3,6;8
"88";529000;NA;NA;NA;NA;2;8
"89";149990;2009;"SUBARU";"FORESTER";170000;2,5;9
"90";529000;NA;NA;NA;NA;3,6;9
"91";479000;NA;NA;NA;NA;NA;9
"92";539300;NA;NA;NA;NA;2;9
"93";462500;NA;NA;NA;NA;2,5;9
"94";419200;NA;NA;NA;NA;2,5;9
"95";385300;NA;NA;NA;NA;2,5;9
"96";349000;NA;NA;NA;NA;2;9
"97";629000;NA;"Sedan";NA;NA;2,5;9
"98";478400;NA;"Sedan";NA;NA;2;9
"99";478400;NA;"Sedan";NA;NA;2;9
"100";149990;2009;"SUBARU";"FORESTER";170000;2,5;10
"101";364600;NA;NA;NA;NA;2;10
"102";328600;NA;NA;NA;NA;2;10
"103";317300;NA;NA;NA;NA;2;10
"104";299900;2013;"SUBARU";"WRX";43000;2,5;10
"105";74950;2006;"SUBARU";"FORESTER";205000;2,5;10
"106";199000;2009;"SUBARU";"FORESTER";131000;2,5;10
"107";199000;2010;"SUBARU";"FORESTER";62000;2,5;10
"108";259000;2013;"SUBARU";"XV";75000;2;10
"109";489000;2014;"SUBARU";"FORESTER";20000;2;10
"110";389000;2012;"SUBARU";"IMPREZA";65000;2,5;10
"111";149990;2009;"SUBARU";"FORESTER";170000;2,5;11
"112";259950;2011;"SUBARU";"TRIBECA";92388;3,6;11
"113";299950;2010;"SUBARU";"IMPREZA";61000;2,5;11
"114";149950;2009;"SUBARU";"OUTBACK";144872;3;11
"115";214950;2011;"SUBARU";"OUTBACK";90220;2,5;11
"116";299950;2013;"SUBARU";"BRZ";26409;2;11
"117";309900;2011;"SUBARU";"IMPREZA";55000;2,5;11
"118";329995;2011;"SUBARU";"WRX";18000;2,5;11
"119";169900;2008;"See";"12";151000;NA;11
"120";129950;2009;"SUBARU";"IMPREZA";82000;1,9;11
"121";64890;2003;"SUBARU";"FORESTER";182950;2,5;11
"122";149990;2009;"SUBARU";"FORESTER";170000;2,5;12
"123";309000;2015;"SUBARU";"XV";2000;2;12
"124";114950;2008;"SUBARU";"FORESTER";180000;2,5;12
"125";160000;2007;"See";"12";135000;3;12
"126";99995;2007;"SUBARU";"IMPREZA";112800;2;12
"127";79900;2006;"SUBARU";"FORESTER";217429;2,5;12
"128";249950;2013;"SUBARU";"XV";76577;2;12
"129";99950;2008;"SUBARU";"FORESTER";164168;2,5;12
"130";129950;2008;"SUBARU";"FORESTER";157889;2,5;12
"131";129000;2007;"SUBARU";"FORESTER";185000;2,5;12
"132";69900;2005;"See";"13";175000;2,5;12
"133";149990;2009;"SUBARU";"FORESTER";170000;2,5;13
"134";179000;2007;"SUBARU";"TRIBECA";1e+05;3;13
"135";89000;2007;"SUBARU";"FORESTER";214000;2,5;13
"136";499000;2015;"SUBARU";"FORESTER";1000;2;13
"137";279950;2014;"SUBARU";"XV";22000;2;13
"138";348950;2015;"SUBARU";"FORESTER";6487;2,5;13
"139";99950;2010;"SUBARU";"IMPREZA";101669;2;13
"140";69995;2004;"SUBARU";"IMPREZA";173000;2,5;13
"141";169950;2009;"SUBARU";"FORESTER";137887;2,5;13
"142";269950;2013;"SUBARU";"FORESTER";75181;2,5;13
"143";377800;2015;"SUBARU";"FORESTER";NA;2,5;13
"144";149990;2009;"SUBARU";"FORESTER";170000;2,5;14
"145";357500;2015;"SUBARU";"IMPREZA";NA;2;14
"146";322200;2015;"SUBARU";"IMPREZA";NA;2;14
"147";144995;2007;"SUBARU";"IMPREZA";189000;2,5;14
"148";199995;2008;"SUBARU";"FORESTER";118000;2,5;14
"149";149990;2009;"SUBARU";"FORESTER";170000;2,5;14
"150";239000;2010;"SUBARU";"OUTBACK";110000;2;14
"151";379000;2011;"SUBARU";"IMPREZA";58000;2;14
"152";189000;2011;"SUBARU";"FORESTER";115000;2,5;14
"153";129990;2007;"SUBARU";"FORESTER";165000;2,5;14
"154";389950;2013;"SUBARU";"FORESTER";56334;2;14
"155";149990;2009;"SUBARU";"FORESTER";170000;2,5;15
"156";75900;2004;"SUBARU";"FORESTER";213000;2,5;15
"157";209950;2011;"SUBARU";"FORESTER";61000;2,5;15
"158";159900;2010;"SUBARU";"LEGACY";109000;NA;15
"159";154950;2008;"SUBARU";"FORESTER";131000;2,5;15
"160";339000;2014;"SUBARU";"FORESTER";16000;2,5;15
"161";379900;2011;"SUBARU";"WRX";13000;NA;15
"162";259900;2010;"SUBARU";"IMPREZA";58000;2,5;15
"163";109900;2009;"SUBARU";"LEGACY";188000;2,5;15
"164";279000;2011;"SUBARU";"WRX";74000;2;15
"165";259000;2012;"SUBARU";"IMPREZA";65000;2;15
"166";149990;2009;"SUBARU";"FORESTER";170000;2,5;16
"167";199000;2011;"SUBARU";"FORESTER";95000;2,5;16
"168";189000;2010;"SUBARU";"FORESTER";96000;2,5;16
"169";289995;2012;"SUBARU";"IMPREZA";39000;2,5;16
"170";109900;2008;"SUBARU";"IMPREZA";177000;2;16
"171";59900;2002;"SUBARU";"FORESTER";128000;2,5;16
"172";149900;2010;"SUBARU";"OUTBACK";183000;NA;16
"173";189995;2011;"SUBARU";"FORESTER";94500;2,5;16
"174";99995;2007;"SUBARU";"FORESTER";162000;2,5;16
"175";129950;2011;"SUBARU";"LEGACY";88782;2;16
"176";84990;2005;"SUBARU";"IMPREZA";NA;2,5;16
"177";149990;2009;"SUBARU";"FORESTER";170000;2,5;17
"178";155000;2010;"SUBARU";"IMPREZA";NA;2;17
"179";629995;2014;"SUBARU";"WRX";100;2,5;17
"180";389990;2014;"SUBARU";"OUTBACK";NA;0,1;17
"181";299990;2014;"SUBARU";"XV";NA;0,1;17
"182";NA;2014;"SUBARU";"FORESTER";NA;2;17
"183";NA;2014;"SUBARU";"STI";NA;0,1;17
"184";379990;2014;"SUBARU";"OLD";NA;0,1;17
"185";NA;2014;"SUBARU";"WRX";NA;0,1;17
"186";389990;2014;"SUBARU";"BRZ";NA;2;17
"187";99950;2005;"SUBARU";"OUTBACK";200500;3;17
"188";149990;2009;"SUBARU";"FORESTER";170000;2,5;18
"189";259900;2010;"SUBARU";"FORESTER";38000;2,5;18
"190";67289;NA;"SUV";NA;NA;2;18
"191";NA;NA;"SUV";NA;NA;2;18
"192";NA;NA;"SUV";NA;NA;2;18
"193";NA;NA;"SUV";NA;NA;2;18
"194";NA;NA;"SUV";NA;NA;2;18
"195";NA;NA;"SUV";NA;NA;3,6;18
"196";NA;NA;"SUV";NA;NA;2;18
"197";NA;NA;"SUV";NA;NA;6,6;18
"198";NA;NA;"Sedan";NA;NA;2;18
"199";149990;2009;"SUBARU";"FORESTER";170000;2,5;19
"200";NA;NA;"Sedan";NA;NA;2,5;19
"201";NA;NA;"SUV";NA;NA;2;19
"202";NA;NA;"SUV";NA;NA;2;19
"203";NA;NA;"SUV";NA;NA;2;19
"204";NA;NA;"SUV";NA;NA;2;19
"205";NA;NA;"SUV";NA;NA;2;19
"206";NA;NA;"SUV";NA;NA;2;19
"207";NA;NA;"SUV";NA;NA;2;19
"208";NA;NA;"SUV";NA;NA;2,5;19
"209";NA;NA;"SUV";NA;NA;2,5;19
"210";149990;2009;"SUBARU";"FORESTER";170000;2,5;20
"211";NA;NA;"SUV";NA;NA;2,5;20
"212";NA;NA;"SUV";NA;NA;2,5;20
"213";149990;2009;"SUBARU";"FORESTER";170000;2,5;21
"214";NA;NA;"SUV";NA;NA;2,5;21
"215";NA;NA;"SUV";NA;NA;2,5;21
"216";149990;2009;"SUBARU";"FORESTER";170000;2,5;22
"217";NA;NA;"SUV";NA;NA;2,5;22
"218";NA;NA;"SUV";NA;NA;2,5;22
"219";149990;2009;"SUBARU";"FORESTER";170000;2,5;23
"220";NA;NA;"SUV";NA;NA;2,5;23
"221";NA;NA;"SUV";NA;NA;2,5;23
"222";149990;2009;"SUBARU";"FORESTER";170000;2,5;24
"223";NA;NA;"SUV";NA;NA;2,5;24
"224";NA;NA;"SUV";NA;NA;2,5;24
"225";149990;2009;"SUBARU";"FORESTER";170000;2,5;25
"226";NA;NA;"SUV";NA;NA;2,5;25
"227";NA;NA;"SUV";NA;NA;2,5;25
"228";149990;2009;"SUBARU";"FORESTER";170000;2,5;26
"229";NA;NA;"SUV";NA;NA;2,5;26
"230";NA;NA;"SUV";NA;NA;2,5;26
"231";149990;2009;"SUBARU";"FORESTER";170000;2,5;27
"232";NA;NA;"SUV";NA;NA;2,5;27
"233";NA;NA;"SUV";NA;NA;2,5;27
"234";149990;2009;"SUBARU";"FORESTER";170000;2,5;28
"235";NA;NA;"SUV";NA;NA;2,5;28
"236";NA;NA;"SUV";NA;NA;2,5;28
"237";149990;2009;"SUBARU";"FORESTER";170000;2,5;29
"238";NA;NA;"SUV";NA;NA;2,5;29
"239";NA;NA;"SUV";NA;NA;2,5;29
"240";149990;2009;"SUBARU";"FORESTER";170000;2,5;30
"241";NA;NA;"SUV";NA;NA;2,5;30
"242";NA;NA;"SUV";NA;NA;2,5;30
"243";149990;2009;"SUBARU";"FORESTER";170000;2,5;31
"244";NA;NA;"SUV";NA;NA;2,5;31
"245";NA;NA;"SUV";NA;NA;2,5;31
"246";149990;2009;"SUBARU";"FORESTER";170000;2,5;32
"247";NA;NA;"SUV";NA;NA;2,5;32
"248";NA;NA;"SUV";NA;NA;2,5;32
"249";149990;2009;"SUBARU";"FORESTER";170000;2,5;33
"250";NA;NA;"SUV";NA;NA;2,5;33
"251";NA;NA;"SUV";NA;NA;2,5;33
"252";149990;2009;"SUBARU";"FORESTER";170000;2,5;34
"253";NA;NA;"SUV";NA;NA;2,5;34
"254";NA;NA;"SUV";NA;NA;2,5;34
"255";149990;2009;"SUBARU";"FORESTER";170000;2,5;35
"256";NA;NA;"SUV";NA;NA;2,5;35
"257";NA;NA;"SUV";NA;NA;2,5;35
"258";149990;2009;"SUBARU";"FORESTER";170000;2,5;36
"259";NA;NA;"SUV";NA;NA;2,5;36
"260";NA;NA;"SUV";NA;NA;2,5;36
"261";149990;2009;"SUBARU";"FORESTER";170000;2,5;37
"262";NA;NA;"SUV";NA;NA;2,5;37
"263";NA;NA;"SUV";NA;NA;2,5;37
"264";149990;2009;"SUBARU";"FORESTER";170000;2,5;38
"265";NA;NA;"SUV";NA;NA;2,5;38
"266";NA;NA;"SUV";NA;NA;2,5;38
"267";149990;2009;"SUBARU";"FORESTER";170000;2,5;39
"268";NA;NA;"SUV";NA;NA;2,5;39
"269";NA;NA;"SUV";NA;NA;2,5;39
"270";149990;2009;"SUBARU";"FORESTER";170000;2,5;40
"271";NA;NA;"SUV";NA;NA;2,5;40
"272";NA;NA;"SUV";NA;NA;2,5;40
"273";149990;2009;"SUBARU";"FORESTER";170000;2,5;41
"274";NA;NA;"SUV";NA;NA;2,5;41
"275";NA;NA;"SUV";NA;NA;2,5;41
"276";149990;2009;"SUBARU";"FORESTER";170000;2,5;42
"277";NA;NA;"SUV";NA;NA;2,5;42
"278";NA;NA;"SUV";NA;NA;2,5;42
"279";149990;2009;"SUBARU";"FORESTER";170000;2,5;43
"280";NA;NA;"SUV";NA;NA;2,5;43
"281";NA;NA;"SUV";NA;NA;2,5;43
"282";149990;2009;"SUBARU";"FORESTER";170000;2,5;44
"283";NA;NA;"SUV";NA;NA;2,5;44
"284";NA;NA;"SUV";NA;NA;2,5;44
"285";149990;2009;"SUBARU";"FORESTER";170000;2,5;45
"286";NA;NA;"SUV";NA;NA;2,5;45
"287";NA;NA;"SUV";NA;NA;2,5;45
"288";149990;2009;"SUBARU";"FORESTER";170000;2,5;46
"289";NA;NA;"SUV";NA;NA;2,5;46
"290";NA;NA;"SUV";NA;NA;2,5;46
"291";149990;2009;"SUBARU";"FORESTER";170000;2,5;47
"292";NA;NA;"SUV";NA;NA;2,5;47
"293";NA;NA;"SUV";NA;NA;2,5;47
"294";149990;2009;"SUBARU";"FORESTER";170000;2,5;48
"295";NA;NA;"SUV";NA;NA;2,5;48
"296";NA;NA;"SUV";NA;NA;2,5;48
"297";149990;2009;"SUBARU";"FORESTER";170000;2,5;49
"298";NA;NA;"SUV";NA;NA;2,5;49
"299";NA;NA;"SUV";NA;NA;2,5;49
"300";149990;2009;"SUBARU";"FORESTER";170000;2,5;50
"301";NA;NA;"SUV";NA;NA;2,5;50
"302";NA;NA;"SUV";NA;NA;2,5;50
"303";149990;2009;"SUBARU";"FORESTER";170000;2,5;51
"304";NA;NA;"SUV";NA;NA;2,5;51
"305";NA;NA;"SUV";NA;NA;2,5;51
"306";149990;2009;"SUBARU";"FORESTER";170000;2,5;52
"307";NA;NA;"SUV";NA;NA;2,5;52
"308";NA;NA;"SUV";NA;NA;2,5;52
"309";149990;2009;"SUBARU";"FORESTER";170000;2,5;53
"310";NA;NA;"SUV";NA;NA;2,5;53
"311";NA;NA;"SUV";NA;NA;2,5;53
"312";149990;2009;"SUBARU";"FORESTER";170000;2,5;54
"313";NA;NA;"SUV";NA;NA;2,5;54
"314";NA;NA;"SUV";NA;NA;2,5;54
"315";149990;2009;"SUBARU";"FORESTER";170000;2,5;55
"316";NA;NA;"SUV";NA;NA;2,5;55
"317";NA;NA;"SUV";NA;NA;2,5;55
"318";149990;2009;"SUBARU";"FORESTER";170000;2,5;56
"319";NA;NA;"SUV";NA;NA;2,5;56
"320";NA;NA;"SUV";NA;NA;2,5;56
"321";149990;2009;"SUBARU";"FORESTER";170000;2,5;57
"322";NA;NA;"SUV";NA;NA;2,5;57
"323";NA;NA;"SUV";NA;NA;2,5;57
"324";149990;2009;"SUBARU";"FORESTER";170000;2,5;58
"325";NA;NA;"SUV";NA;NA;2,5;58
"326";NA;NA;"SUV";NA;NA;2,5;58
"327";149990;2009;"SUBARU";"FORESTER";170000;2,5;59
"328";NA;NA;"SUV";NA;NA;2,5;59
"329";NA;NA;"SUV";NA;NA;2,5;59
"330";149990;2009;"SUBARU";"FORESTER";170000;2,5;60
"331";NA;NA;"SUV";NA;NA;2,5;60
"332";NA;NA;"SUV";NA;NA;2,5;60
"333";149990;2009;"SUBARU";"FORESTER";170000;2,5;61
"334";NA;NA;"SUV";NA;NA;2,5;61
"335";NA;NA;"SUV";NA;NA;2,5;61
"336";149990;2009;"SUBARU";"FORESTER";170000;2,5;62
"337";NA;NA;"SUV";NA;NA;2,5;62
"338";NA;NA;"SUV";NA;NA;2,5;62
"339";149990;2009;"SUBARU";"FORESTER";170000;2,5;63
"340";NA;NA;"SUV";NA;NA;2,5;63
"341";NA;NA;"SUV";NA;NA;2,5;63
"342";149990;2009;"SUBARU";"FORESTER";170000;2,5;64
"343";NA;NA;"SUV";NA;NA;2,5;64
"344";NA;NA;"SUV";NA;NA;2,5;64
"345";149990;2009;"SUBARU";"FORESTER";170000;2,5;65
"346";NA;NA;"SUV";NA;NA;2,5;65
"347";NA;NA;"SUV";NA;NA;2,5;65
"348";149990;2009;"SUBARU";"FORESTER";170000;2,5;66
"349";NA;NA;"SUV";NA;NA;2,5;66
"350";NA;NA;"SUV";NA;NA;2,5;66
"351";149990;2009;"SUBARU";"FORESTER";170000;2,5;67
"352";NA;NA;"SUV";NA;NA;2,5;67
"353";NA;NA;"SUV";NA;NA;2,5;67
"354";149990;2009;"SUBARU";"FORESTER";170000;2,5;68
"355";NA;NA;"SUV";NA;NA;2,5;68
"356";NA;NA;"SUV";NA;NA;2,5;68
"357";149990;2009;"SUBARU";"FORESTER";170000;2,5;69
"358";NA;NA;"SUV";NA;NA;2,5;69
"359";NA;NA;"SUV";NA;NA;2,5;69
"360";149990;2009;"SUBARU";"FORESTER";170000;2,5;70
"361";NA;NA;"SUV";NA;NA;2,5;70
"362";NA;NA;"SUV";NA;NA;2,5;70
"363";149990;2009;"SUBARU";"FORESTER";170000;2,5;71
"364";NA;NA;"SUV";NA;NA;2,5;71
"365";NA;NA;"SUV";NA;NA;2,5;71
"366";149990;2009;"SUBARU";"FORESTER";170000;2,5;72
"367";NA;NA;"SUV";NA;NA;2,5;72
"368";NA;NA;"SUV";NA;NA;2,5;72
"369";149990;2009;"SUBARU";"FORESTER";170000;2,5;73
"370";NA;NA;"SUV";NA;NA;2,5;73
"371";NA;NA;"SUV";NA;NA;2,5;73
"372";149990;2009;"SUBARU";"FORESTER";170000;2,5;74
"373";NA;NA;"SUV";NA;NA;2,5;74
"374";NA;NA;"SUV";NA;NA;2,5;74
"375";149990;2009;"SUBARU";"FORESTER";170000;2,5;75
"376";NA;NA;"SUV";NA;NA;2,5;75
"377";NA;NA;"SUV";NA;NA;2,5;75
"378";149990;2009;"SUBARU";"FORESTER";170000;2,5;76
"379";NA;NA;"SUV";NA;NA;2,5;76
"380";NA;NA;"SUV";NA;NA;2,5;76
"381";149990;2009;"SUBARU";"FORESTER";170000;2,5;77
"382";NA;NA;"SUV";NA;NA;2,5;77
"383";NA;NA;"SUV";NA;NA;2,5;77
"384";149990;2009;"SUBARU";"FORESTER";170000;2,5;78
"385";NA;NA;"SUV";NA;NA;2,5;78
"386";NA;NA;"SUV";NA;NA;2,5;78
"387";149990;2009;"SUBARU";"FORESTER";170000;2,5;79
"388";NA;NA;"SUV";NA;NA;2,5;79
"389";NA;NA;"SUV";NA;NA;2,5;79
"390";149990;2009;"SUBARU";"FORESTER";170000;2,5;80
"391";NA;NA;"SUV";NA;NA;2,5;80
"392";NA;NA;"SUV";NA;NA;2,5;80
"393";149990;2009;"SUBARU";"FORESTER";170000;2,5;81
"394";NA;NA;"SUV";NA;NA;2,5;81
"395";NA;NA;"SUV";NA;NA;2,5;81
"396";149990;2009;"SUBARU";"FORESTER";170000;2,5;82
"397";NA;NA;"SUV";NA;NA;2,5;82
"398";NA;NA;"SUV";NA;NA;2,5;82
"399";149990;2009;"SUBARU";"FORESTER";170000;2,5;83
"400";NA;NA;"SUV";NA;NA;2,5;83
"401";NA;NA;"SUV";NA;NA;2,5;83
"402";149990;2009;"SUBARU";"FORESTER";170000;2,5;84
"403";NA;NA;"SUV";NA;NA;2,5;84
"404";NA;NA;"SUV";NA;NA;2,5;84
"405";149990;2009;"SUBARU";"FORESTER";170000;2,5;85
"406";NA;NA;"SUV";NA;NA;2,5;85
"407";NA;NA;"SUV";NA;NA;2,5;85
"408";149990;2009;"SUBARU";"FORESTER";170000;2,5;86
"409";NA;NA;"SUV";NA;NA;2,5;86
"410";NA;NA;"SUV";NA;NA;2,5;86
"411";149990;2009;"SUBARU";"FORESTER";170000;2,5;87
"412";NA;NA;"SUV";NA;NA;2,5;87
"413";NA;NA;"SUV";NA;NA;2,5;87
"414";149990;2009;"SUBARU";"FORESTER";170000;2,5;88
"415";NA;NA;"SUV";NA;NA;2,5;88
"416";NA;NA;"SUV";NA;NA;2,5;88
"417";149990;2009;"SUBARU";"FORESTER";170000;2,5;89
"418";NA;NA;"SUV";NA;NA;2,5;89
"419";NA;NA;"SUV";NA;NA;2,5;89
"420";149990;2009;"SUBARU";"FORESTER";170000;2,5;90
"421";NA;NA;"SUV";NA;NA;2,5;90
"422";NA;NA;"SUV";NA;NA;2,5;90
"423";149990;2009;"SUBARU";"FORESTER";170000;2,5;91
"424";NA;NA;"SUV";NA;NA;2,5;91
"425";NA;NA;"SUV";NA;NA;2,5;91
"426";149990;2009;"SUBARU";"FORESTER";170000;2,5;92
"427";NA;NA;"SUV";NA;NA;2,5;92
"428";NA;NA;"SUV";NA;NA;2,5;92
"429";149990;2009;"SUBARU";"FORESTER";170000;2,5;93
"430";NA;NA;"SUV";NA;NA;2,5;93
"431";NA;NA;"SUV";NA;NA;2,5;93
"432";149990;2009;"SUBARU";"FORESTER";170000;2,5;94
"433";NA;NA;"SUV";NA;NA;2,5;94
"434";NA;NA;"SUV";NA;NA;2,5;94
"435";149990;2009;"SUBARU";"FORESTER";170000;2,5;95
"436";NA;NA;"SUV";NA;NA;2,5;95
"437";NA;NA;"SUV";NA;NA;2,5;95
"438";149990;2009;"SUBARU";"FORESTER";170000;2,5;96
"439";NA;NA;"SUV";NA;NA;2,5;96
"440";NA;NA;"SUV";NA;NA;2,5;96
"441";149990;2009;"SUBARU";"FORESTER";170000;2,5;97
"442";NA;NA;"SUV";NA;NA;2,5;97
"443";NA;NA;"SUV";NA;NA;2,5;97
"444";149990;2009;"SUBARU";"FORESTER";170000;2,5;98
"445";NA;NA;"SUV";NA;NA;2,5;98
"446";NA;NA;"SUV";NA;NA;2,5;98
"447";149990;2009;"SUBARU";"FORESTER";170000;2,5;99
"448";NA;NA;"SUV";NA;NA;2,5;99
"449";NA;NA;"SUV";NA;NA;2,5;99
"450";149990;2009;"SUBARU";"FORESTER";170000;2,5;100
"451";NA;NA;"SUV";NA;NA;2,5;100
"452";NA;NA;"SUV";NA;NA;2,5;100
"453";149990;2009;"SUBARU";"FORESTER";170000;2,5;101
"454";NA;NA;"SUV";NA;NA;2,5;101
"455";NA;NA;"SUV";NA;NA;2,5;101
"456";149990;2009;"SUBARU";"FORESTER";170000;2,5;102
"457";NA;NA;"SUV";NA;NA;2,5;102
"458";NA;NA;"SUV";NA;NA;2,5;102
"459";149990;2009;"SUBARU";"FORESTER";170000;2,5;103
"460";NA;NA;"SUV";NA;NA;2,5;103
"461";NA;NA;"SUV";NA;NA;2,5;103
"462";149990;2009;"SUBARU";"FORESTER";170000;2,5;104
"463";NA;NA;"SUV";NA;NA;2,5;104
"464";NA;NA;"SUV";NA;NA;2,5;104
"465";149990;2009;"SUBARU";"FORESTER";170000;2,5;105
"466";NA;NA;"SUV";NA;NA;2,5;105
"467";NA;NA;"SUV";NA;NA;2,5;105
"468";149990;2009;"SUBARU";"FORESTER";170000;2,5;106
"469";NA;NA;"SUV";NA;NA;2,5;106
"470";NA;NA;"SUV";NA;NA;2,5;106
"471";149990;2009;"SUBARU";"FORESTER";170000;2,5;107
"472";NA;NA;"SUV";NA;NA;2,5;107
"473";NA;NA;"SUV";NA;NA;2,5;107
"474";149990;2009;"SUBARU";"FORESTER";170000;2,5;108
"475";NA;NA;"SUV";NA;NA;2,5;108
"476";NA;NA;"SUV";NA;NA;2,5;108
"477";149990;2009;"SUBARU";"FORESTER";170000;2,5;109
"478";NA;NA;"SUV";NA;NA;2,5;109
"479";NA;NA;"SUV";NA;NA;2,5;109
"480";149990;2009;"SUBARU";"FORESTER";170000;2,5;110
"481";NA;NA;"SUV";NA;NA;2,5;110
"482";NA;NA;"SUV";NA;NA;2,5;110
"483";149990;2009;"SUBARU";"FORESTER";170000;2,5;111
"484";NA;NA;"SUV";NA;NA;2,5;111
"485";NA;NA;"SUV";NA;NA;2,5;111
"486";149990;2009;"SUBARU";"FORESTER";170000;2,5;112
"487";NA;NA;"SUV";NA;NA;2,5;112
"488";NA;NA;"SUV";NA;NA;2,5;112
"489";149990;2009;"SUBARU";"FORESTER";170000;2,5;113
"490";NA;NA;"SUV";NA;NA;2,5;113
"491";NA;NA;"SUV";NA;NA;2,5;113
"492";149990;2009;"SUBARU";"FORESTER";170000;2,5;114
"493";NA;NA;"SUV";NA;NA;2,5;114
"494";NA;NA;"SUV";NA;NA;2,5;114
"495";149990;2009;"SUBARU";"FORESTER";170000;2,5;115
"496";NA;NA;"SUV";NA;NA;2,5;115
"497";NA;NA;"SUV";NA;NA;2,5;115
"498";149990;2009;"SUBARU";"FORESTER";170000;2,5;116
"499";NA;NA;"SUV";NA;NA;2,5;116
"500";NA;NA;"SUV";NA;NA;2,5;116
"501";149990;2009;"SUBARU";"FORESTER";170000;2,5;117
"502";NA;NA;"SUV";NA;NA;2,5;117
"503";NA;NA;"SUV";NA;NA;2,5;117
"504";149990;2009;"SUBARU";"FORESTER";170000;2,5;118
"505";NA;NA;"SUV";NA;NA;2,5;118
"506";NA;NA;"SUV";NA;NA;2,5;118
"507";149990;2009;"SUBARU";"FORESTER";170000;2,5;119
"508";NA;NA;"SUV";NA;NA;2,5;119
"509";NA;NA;"SUV";NA;NA;2,5;119
"510";149990;2009;"SUBARU";"FORESTER";170000;2,5;120
"511";NA;NA;"SUV";NA;NA;2,5;120
"512";NA;NA;"SUV";NA;NA;2,5;120
"513";149990;2009;"SUBARU";"FORESTER";170000;2,5;121
"514";NA;NA;"SUV";NA;NA;2,5;121
"515";NA;NA;"SUV";NA;NA;2,5;121
"516";149990;2009;"SUBARU";"FORESTER";170000;2,5;122
"517";NA;NA;"SUV";NA;NA;2,5;122
"518";NA;NA;"SUV";NA;NA;2,5;122
"519";149990;2009;"SUBARU";"FORESTER";170000;2,5;123
"520";NA;NA;"SUV";NA;NA;2,5;123
"521";NA;NA;"SUV";NA;NA;2,5;123
"522";149990;2009;"SUBARU";"FORESTER";170000;2,5;124
"523";NA;NA;"SUV";NA;NA;2,5;124
"524";NA;NA;"SUV";NA;NA;2,5;124
"525";149990;2009;"SUBARU";"FORESTER";170000;2,5;125
"526";NA;NA;"SUV";NA;NA;2,5;125
"527";NA;NA;"SUV";NA;NA;2,5;125
"528";149990;2009;"SUBARU";"FORESTER";170000;2,5;126
"529";NA;NA;"SUV";NA;NA;2,5;126
"530";NA;NA;"SUV";NA;NA;2,5;126
"531";149990;2009;"SUBARU";"FORESTER";170000;2,5;127
"532";NA;NA;"SUV";NA;NA;2,5;127
"533";NA;NA;"SUV";NA;NA;2,5;127
"534";149990;2009;"SUBARU";"FORESTER";170000;2,5;128
"535";NA;NA;"SUV";NA;NA;2,5;128
"536";NA;NA;"SUV";NA;NA;2,5;128
"537";149990;2009;"SUBARU";"FORESTER";170000;2,5;129
"538";NA;NA;"SUV";NA;NA;2,5;129
"539";NA;NA;"SUV";NA;NA;2,5;129
"540";149990;2009;"SUBARU";"FORESTER";170000;2,5;130
"541";NA;NA;"SUV";NA;NA;2,5;130
"542";NA;NA;"SUV";NA;NA;2,5;130
"543";149990;2009;"SUBARU";"FORESTER";170000;2,5;131
"544";NA;NA;"SUV";NA;NA;2,5;131
"545";NA;NA;"SUV";NA;NA;2,5;131
"546";149990;2009;"SUBARU";"FORESTER";170000;2,5;132
"547";NA;NA;"SUV";NA;NA;2,5;132
"548";NA;NA;"SUV";NA;NA;2,5;132
"549";149990;2009;"SUBARU";"FORESTER";170000;2,5;133
"550";NA;NA;"SUV";NA;NA;2,5;133
"551";NA;NA;"SUV";NA;NA;2,5;133
"552";149990;2009;"SUBARU";"FORESTER";170000;2,5;134
"553";NA;NA;"SUV";NA;NA;2,5;134
"554";NA;NA;"SUV";NA;NA;2,5;134
"555";149990;2009;"SUBARU";"FORESTER";170000;2,5;135
"556";NA;NA;"SUV";NA;NA;2,5;135
"557";NA;NA;"SUV";NA;NA;2,5;135
"558";149990;2009;"SUBARU";"FORESTER";170000;2,5;136
"559";NA;NA;"SUV";NA;NA;2,5;136
"560";NA;NA;"SUV";NA;NA;2,5;136
"561";149990;2009;"SUBARU";"FORESTER";170000;2,5;137
"562";NA;NA;"SUV";NA;NA;2,5;137
"563";NA;NA;"SUV";NA;NA;2,5;137
"564";149990;2009;"SUBARU";"FORESTER";170000;2,5;138
"565";NA;NA;"SUV";NA;NA;2,5;138
"566";NA;NA;"SUV";NA;NA;2,5;138
"567";149990;2009;"SUBARU";"FORESTER";170000;2,5;139
"568";NA;NA;"SUV";NA;NA;2,5;139
"569";NA;NA;"SUV";NA;NA;2,5;139
"570";149990;2009;"SUBARU";"FORESTER";170000;2,5;140
"571";NA;NA;"SUV";NA;NA;2,5;140
"572";NA;NA;"SUV";NA;NA;2,5;140
"573";149990;2009;"SUBARU";"FORESTER";170000;2,5;141
"574";NA;NA;"SUV";NA;NA;2,5;141
"575";NA;NA;"SUV";NA;NA;2,5;141
"576";149990;2009;"SUBARU";"FORESTER";170000;2,5;142
"577";NA;NA;"SUV";NA;NA;2,5;142
"578";NA;NA;"SUV";NA;NA;2,5;142
"579";149990;2009;"SUBARU";"FORESTER";170000;2,5;143
"580";NA;NA;"SUV";NA;NA;2,5;143
"581";NA;NA;"SUV";NA;NA;2,5;143
"582";149990;2009;"SUBARU";"FORESTER";170000;2,5;144
"583";NA;NA;"SUV";NA;NA;2,5;144
"584";NA;NA;"SUV";NA;NA;2,5;144
"585";149990;2009;"SUBARU";"FORESTER";170000;2,5;145
"586";NA;NA;"SUV";NA;NA;2,5;145
"587";NA;NA;"SUV";NA;NA;2,5;145
"588";149990;2009;"SUBARU";"FORESTER";170000;2,5;146
"589";NA;NA;"SUV";NA;NA;2,5;146
"590";NA;NA;"SUV";NA;NA;2,5;146
"591";149990;2009;"SUBARU";"FORESTER";170000;2,5;147
"592";NA;NA;"SUV";NA;NA;2,5;147
"593";NA;NA;"SUV";NA;NA;2,5;147
"594";149990;2009;"SUBARU";"FORESTER";170000;2,5;148
"595";NA;NA;"SUV";NA;NA;2,5;148
"596";NA;NA;"SUV";NA;NA;2,5;148
"597";149990;2009;"SUBARU";"FORESTER";170000;2,5;149
"598";NA;NA;"SUV";NA;NA;2,5;149
"599";NA;NA;"SUV";NA;NA;2,5;149
"600";149990;2009;"SUBARU";"FORESTER";170000;2,5;150
"601";NA;NA;"SUV";NA;NA;2,5;150
"602";NA;NA;"SUV";NA;NA;2,5;150
"603";149990;2009;"SUBARU";"FORESTER";170000;2,5;151
"604";NA;NA;"SUV";NA;NA;2,5;151
"605";NA;NA;"SUV";NA;NA;2,5;151
"606";149990;2009;"SUBARU";"FORESTER";170000;2,5;152
"607";NA;NA;"SUV";NA;NA;2,5;152
"608";NA;NA;"SUV";NA;NA;2,5;152
"609";149990;2009;"SUBARU";"FORESTER";170000;2,5;153
"610";NA;NA;"SUV";NA;NA;2,5;153
"611";NA;NA;"SUV";NA;NA;2,5;153
"612";149990;2009;"SUBARU";"FORESTER";170000;2,5;154
"613";NA;NA;"SUV";NA;NA;2,5;154
"614";NA;NA;"SUV";NA;NA;2,5;154
"615";149990;2009;"SUBARU";"FORESTER";170000;2,5;155
"616";NA;NA;"SUV";NA;NA;2,5;155
"617";NA;NA;"SUV";NA;NA;2,5;155
"618";149990;2009;"SUBARU";"FORESTER";170000;2,5;156
"619";NA;NA;"SUV";NA;NA;2,5;156
"620";NA;NA;"SUV";NA;NA;2,5;156
"621";149990;2009;"SUBARU";"FORESTER";170000;2,5;157
"622";NA;NA;"SUV";NA;NA;2,5;157
"623";NA;NA;"SUV";NA;NA;2,5;157
"624";149990;2009;"SUBARU";"FORESTER";170000;2,5;158
"625";NA;NA;"SUV";NA;NA;2,5;158
"626";NA;NA;"SUV";NA;NA;2,5;158
"627";149990;2009;"SUBARU";"FORESTER";170000;2,5;159
"628";NA;NA;"SUV";NA;NA;2,5;159
"629";NA;NA;"SUV";NA;NA;2,5;159
"630";149990;2009;"SUBARU";"FORESTER";170000;2,5;160
"631";NA;NA;"SUV";NA;NA;2,5;160
"632";NA;NA;"SUV";NA;NA;2,5;160
"633";149990;2009;"SUBARU";"FORESTER";170000;2,5;161
"634";NA;NA;"SUV";NA;NA;2,5;161
"635";NA;NA;"SUV";NA;NA;2,5;161
"636";149990;2009;"SUBARU";"FORESTER";170000;2,5;162
"637";NA;NA;"SUV";NA;NA;2,5;162
"638";NA;NA;"SUV";NA;NA;2,5;162
"639";149990;2009;"SUBARU";"FORESTER";170000;2,5;163
"640";NA;NA;"SUV";NA;NA;2,5;163
"641";NA;NA;"SUV";NA;NA;2,5;163
"642";149990;2009;"SUBARU";"FORESTER";170000;2,5;164
"643";NA;NA;"SUV";NA;NA;2,5;164
"644";NA;NA;"SUV";NA;NA;2,5;164
"645";149990;2009;"SUBARU";"FORESTER";170000;2,5;165
"646";NA;NA;"SUV";NA;NA;2,5;165
"647";NA;NA;"SUV";NA;NA;2,5;165
"648";149990;2009;"SUBARU";"FORESTER";170000;2,5;166
"649";NA;NA;"SUV";NA;NA;2,5;166
"650";NA;NA;"SUV";NA;NA;2,5;166
"651";149990;2009;"SUBARU";"FORESTER";170000;2,5;167
"652";NA;NA;"SUV";NA;NA;2,5;167
"653";NA;NA;"SUV";NA;NA;2,5;167
"654";149990;2009;"SUBARU";"FORESTER";170000;2,5;168
"655";NA;NA;"SUV";NA;NA;2,5;168
"656";NA;NA;"SUV";NA;NA;2,5;168
"657";149990;2009;"SUBARU";"FORESTER";170000;2,5;169
"658";NA;NA;"SUV";NA;NA;2,5;169
"659";NA;NA;"SUV";NA;NA;2,5;169
"660";149990;2009;"SUBARU";"FORESTER";170000;2,5;170
"661";NA;NA;"SUV";NA;NA;2,5;170
"662";NA;NA;"SUV";NA;NA;2,5;170
"663";149990;2009;"SUBARU";"FORESTER";170000;2,5;171
"664";NA;NA;"SUV";NA;NA;2,5;171
"665";NA;NA;"SUV";NA;NA;2,5;171
"666";149990;2009;"SUBARU";"FORESTER";170000;2,5;172
"667";NA;NA;"SUV";NA;NA;2,5;172
"668";NA;NA;"SUV";NA;NA;2,5;172
"669";149990;2009;"SUBARU";"FORESTER";170000;2,5;173
"670";NA;NA;"SUV";NA;NA;2,5;173
"671";NA;NA;"SUV";NA;NA;2,5;173
"672";149990;2009;"SUBARU";"FORESTER";170000;2,5;174
"673";NA;NA;"SUV";NA;NA;2,5;174
"674";NA;NA;"SUV";NA;NA;2,5;174
"675";149990;2009;"SUBARU";"FORESTER";170000;2,5;175
"676";NA;NA;"SUV";NA;NA;2,5;175
"677";NA;NA;"SUV";NA;NA;2,5;175
"678";149990;2009;"SUBARU";"FORESTER";170000;2,5;176
"679";NA;NA;"SUV";NA;NA;2,5;176
"680";NA;NA;"SUV";NA;NA;2,5;176
"681";149990;2009;"SUBARU";"FORESTER";170000;2,5;177
"682";NA;NA;"SUV";NA;NA;2,5;177
"683";NA;NA;"SUV";NA;NA;2,5;177
"684";149990;2009;"SUBARU";"FORESTER";170000;2,5;178
"685";NA;NA;"SUV";NA;NA;2,5;178
"686";NA;NA;"SUV";NA;NA;2,5;178
"687";149990;2009;"SUBARU";"FORESTER";170000;2,5;179
"688";NA;NA;"SUV";NA;NA;2,5;179
"689";NA;NA;"SUV";NA;NA;2,5;179
"690";149990;2009;"SUBARU";"FORESTER";170000;2,5;180
"691";NA;NA;"SUV";NA;NA;2,5;180
"692";NA;NA;"SUV";NA;NA;2,5;180
"693";149990;2009;"SUBARU";"FORESTER";170000;2,5;181
"694";NA;NA;"SUV";NA;NA;2,5;181
"695";NA;NA;"SUV";NA;NA;2,5;181
"696";149990;2009;"SUBARU";"FORESTER";170000;2,5;182
"697";NA;NA;"SUV";NA;NA;2,5;182
"698";NA;NA;"SUV";NA;NA;2,5;182
"699";149990;2009;"SUBARU";"FORESTER";170000;2,5;183
"700";NA;NA;"SUV";NA;NA;2,5;183
"701";NA;NA;"SUV";NA;NA;2,5;183
"702";149990;2009;"SUBARU";"FORESTER";170000;2,5;184
"703";NA;NA;"SUV";NA;NA;2,5;184
"704";NA;NA;"SUV";NA;NA;2,5;184
"705";149990;2009;"SUBARU";"FORESTER";170000;2,5;185
"706";NA;NA;"SUV";NA;NA;2,5;185
"707";NA;NA;"SUV";NA;NA;2,5;185
"708";149990;2009;"SUBARU";"FORESTER";170000;2,5;186
"709";NA;NA;"SUV";NA;NA;2,5;186
"710";NA;NA;"SUV";NA;NA;2,5;186
"711";149990;2009;"SUBARU";"FORESTER";170000;2,5;187
"712";NA;NA;"SUV";NA;NA;2,5;187
"713";NA;NA;"SUV";NA;NA;2,5;187
"714";149990;2009;"SUBARU";"FORESTER";170000;2,5;188
"715";NA;NA;"SUV";NA;NA;2,5;188
"716";NA;NA;"SUV";NA;NA;2,5;188
"717";149990;2009;"SUBARU";"FORESTER";170000;2,5;189
"718";NA;NA;"SUV";NA;NA;2,5;189
"719";NA;NA;"SUV";NA;NA;2,5;189
"720";149990;2009;"SUBARU";"FORESTER";170000;2,5;190
"721";NA;NA;"SUV";NA;NA;2,5;190
"722";NA;NA;"SUV";NA;NA;2,5;190
"723";149990;2009;"SUBARU";"FORESTER";170000;2,5;191
"724";NA;NA;"SUV";NA;NA;2,5;191
"725";NA;NA;"SUV";NA;NA;2,5;191
"726";149990;2009;"SUBARU";"FORESTER";170000;2,5;192
"727";NA;NA;"SUV";NA;NA;2,5;192
"728";NA;NA;"SUV";NA;NA;2,5;192
"729";149990;2009;"SUBARU";"FORESTER";170000;2,5;193
"730";NA;NA;"SUV";NA;NA;2,5;193
"731";NA;NA;"SUV";NA;NA;2,5;193
"732";149990;2009;"SUBARU";"FORESTER";170000;2,5;194
"733";NA;NA;"SUV";NA;NA;2,5;194
"734";NA;NA;"SUV";NA;NA;2,5;194
"735";149990;2009;"SUBARU";"FORESTER";170000;2,5;195
"736";NA;NA;"SUV";NA;NA;2,5;195
"737";NA;NA;"SUV";NA;NA;2,5;195
"738";149990;2009;"SUBARU";"FORESTER";170000;2,5;196
"739";NA;NA;"SUV";NA;NA;2,5;196
"740";NA;NA;"SUV";NA;NA;2,5;196
"741";149990;2009;"SUBARU";"FORESTER";170000;2,5;197
"742";NA;NA;"SUV";NA;NA;2,5;197
"743";NA;NA;"SUV";NA;NA;2,5;197
"744";149990;2009;"SUBARU";"FORESTER";170000;2,5;198
"745";NA;NA;"SUV";NA;NA;2,5;198
"746";NA;NA;"SUV";NA;NA;2,5;198
"747";149990;2009;"SUBARU";"FORESTER";170000;2,5;199
"748";NA;NA;"SUV";NA;NA;2,5;199
"749";NA;NA;"SUV";NA;NA;2,5;199
"750";149990;2009;"SUBARU";"FORESTER";170000;2,5;200
"751";NA;NA;"SUV";NA;NA;2,5;200
"752";NA;NA;"SUV";NA;NA;2,5;200
"753";149990;2009;"SUBARU";"FORESTER";170000;2,5;201
"754";NA;NA;"SUV";NA;NA;2,5;201
"755";NA;NA;"SUV";NA;NA;2,5;201
"756";149990;2009;"SUBARU";"FORESTER";170000;2,5;202
"757";NA;NA;"SUV";NA;NA;2,5;202
"758";NA;NA;"SUV";NA;NA;2,5;202
"759";149990;2009;"SUBARU";"FORESTER";170000;2,5;203
"760";NA;NA;"SUV";NA;NA;2,5;203
"761";NA;NA;"SUV";NA;NA;2,5;203
"762";149990;2009;"SUBARU";"FORESTER";170000;2,5;204
"763";NA;NA;"SUV";NA;NA;2,5;204
"764";NA;NA;"SUV";NA;NA;2,5;204
"765";149990;2009;"SUBARU";"FORESTER";170000;2,5;205
"766";NA;NA;"SUV";NA;NA;2,5;205
"767";NA;NA;"SUV";NA;NA;2,5;205
"768";149990;2009;"SUBARU";"FORESTER";170000;2,5;206
"769";NA;NA;"SUV";NA;NA;2,5;206
"770";NA;NA;"SUV";NA;NA;2,5;206
"771";149990;2009;"SUBARU";"FORESTER";170000;2,5;207
"772";NA;NA;"SUV";NA;NA;2,5;207
"773";NA;NA;"SUV";NA;NA;2,5;207
"774";149990;2009;"SUBARU";"FORESTER";170000;2,5;208
"775";NA;NA;"SUV";NA;NA;2,5;208
"776";NA;NA;"SUV";NA;NA;2,5;208
"777";149990;2009;"SUBARU";"FORESTER";170000;2,5;209
"778";NA;NA;"SUV";NA;NA;2,5;209
"779";NA;NA;"SUV";NA;NA;2,5;209
"780";149990;2009;"SUBARU";"FORESTER";170000;2,5;210
"781";NA;NA;"SUV";NA;NA;2,5;210
"782";NA;NA;"SUV";NA;NA;2,5;210
"783";149990;2009;"SUBARU";"FORESTER";170000;2,5;211
"784";NA;NA;"SUV";NA;NA;2,5;211
"785";NA;NA;"SUV";NA;NA;2,5;211
"786";149990;2009;"SUBARU";"FORESTER";170000;2,5;212
"787";NA;NA;"SUV";NA;NA;2,5;212
"788";NA;NA;"SUV";NA;NA;2,5;212
"789";149990;2009;"SUBARU";"FORESTER";170000;2,5;213
"790";NA;NA;"SUV";NA;NA;2,5;213
"791";NA;NA;"SUV";NA;NA;2,5;213
"792";149990;2009;"SUBARU";"FORESTER";170000;2,5;214
"793";NA;NA;"SUV";NA;NA;2,5;214
"794";NA;NA;"SUV";NA;NA;2,5;214
"795";149990;2009;"SUBARU";"FORESTER";170000;2,5;215
"796";NA;NA;"SUV";NA;NA;2,5;215
"797";NA;NA;"SUV";NA;NA;2,5;215
"798";149990;2009;"SUBARU";"FORESTER";170000;2,5;216
"799";NA;NA;"SUV";NA;NA;2,5;216
"800";NA;NA;"SUV";NA;NA;2,5;216
"801";149990;2009;"SUBARU";"FORESTER";170000;2,5;217
"802";NA;NA;"SUV";NA;NA;2,5;217
"803";NA;NA;"SUV";NA;NA;2,5;217
"804";149990;2009;"SUBARU";"FORESTER";170000;2,5;218
"805";NA;NA;"SUV";NA;NA;2,5;218
"806";NA;NA;"SUV";NA;NA;2,5;218
"807";149990;2009;"SUBARU";"FORESTER";170000;2,5;219
"808";NA;NA;"SUV";NA;NA;2,5;219
"809";NA;NA;"SUV";NA;NA;2,5;219
"810";149990;2009;"SUBARU";"FORESTER";170000;2,5;220
"811";NA;NA;"SUV";NA;NA;2,5;220
"812";NA;NA;"SUV";NA;NA;2,5;220
"813";149990;2009;"SUBARU";"FORESTER";170000;2,5;221
"814";NA;NA;"SUV";NA;NA;2,5;221
"815";NA;NA;"SUV";NA;NA;2,5;221
"816";149990;2009;"SUBARU";"FORESTER";170000;2,5;222
"817";NA;NA;"SUV";NA;NA;2,5;222
"818";NA;NA;"SUV";NA;NA;2,5;222
"819";149990;2009;"SUBARU";"FORESTER";170000;2,5;223
"820";NA;NA;"SUV";NA;NA;2,5;223
"821";NA;NA;"SUV";NA;NA;2,5;223
"822";149990;2009;"SUBARU";"FORESTER";170000;2,5;224
"823";NA;NA;"SUV";NA;NA;2,5;224
"824";NA;NA;"SUV";NA;NA;2,5;224
"825";149990;2009;"SUBARU";"FORESTER";170000;2,5;225
"826";NA;NA;"SUV";NA;NA;2,5;225
"827";NA;NA;"SUV";NA;NA;2,5;225
"828";149990;2009;"SUBARU";"FORESTER";170000;2,5;226
"829";NA;NA;"SUV";NA;NA;2,5;226
"830";NA;NA;"SUV";NA;NA;2,5;226
"831";149990;2009;"SUBARU";"FORESTER";170000;2,5;227
"832";NA;NA;"SUV";NA;NA;2,5;227
"833";NA;NA;"SUV";NA;NA;2,5;227
"834";149990;2009;"SUBARU";"FORESTER";170000;2,5;228
"835";NA;NA;"SUV";NA;NA;2,5;228
"836";NA;NA;"SUV";NA;NA;2,5;228
"837";149990;2009;"SUBARU";"FORESTER";170000;2,5;229
"838";NA;NA;"SUV";NA;NA;2,5;229
"839";NA;NA;"SUV";NA;NA;2,5;229
"840";149990;2009;"SUBARU";"FORESTER";170000;2,5;230
"841";NA;NA;"SUV";NA;NA;2,5;230
"842";NA;NA;"SUV";NA;NA;2,5;230
"843";149990;2009;"SUBARU";"FORESTER";170000;2,5;231
"844";NA;NA;"SUV";NA;NA;2,5;231
"845";NA;NA;"SUV";NA;NA;2,5;231
"846";149990;2009;"SUBARU";"FORESTER";170000;2,5;232
"847";NA;NA;"SUV";NA;NA;2,5;232
"848";NA;NA;"SUV";NA;NA;2,5;232
"849";149990;2009;"SUBARU";"FORESTER";170000;2,5;233
"850";NA;NA;"SUV";NA;NA;2,5;233
"851";NA;NA;"SUV";NA;NA;2,5;233
"852";149990;2009;"SUBARU";"FORESTER";170000;2,5;234
"853";NA;NA;"SUV";NA;NA;2,5;234
"854";NA;NA;"SUV";NA;NA;2,5;234
"855";149990;2009;"SUBARU";"FORESTER";170000;2,5;235
"856";NA;NA;"SUV";NA;NA;2,5;235
"857";NA;NA;"SUV";NA;NA;2,5;235
"858";149990;2009;"SUBARU";"FORESTER";170000;2,5;236
"859";NA;NA;"SUV";NA;NA;2,5;236
"860";NA;NA;"SUV";NA;NA;2,5;236
"861";149990;2009;"SUBARU";"FORESTER";170000;2,5;237
"862";NA;NA;"SUV";NA;NA;2,5;237
"863";NA;NA;"SUV";NA;NA;2,5;237
"864";149990;2009;"SUBARU";"FORESTER";170000;2,5;238
"865";NA;NA;"SUV";NA;NA;2,5;238
"866";NA;NA;"SUV";NA;NA;2,5;238
"867";149990;2009;"SUBARU";"FORESTER";170000;2,5;239
"868";NA;NA;"SUV";NA;NA;2,5;239
"869";NA;NA;"SUV";NA;NA;2,5;239
"870";149990;2009;"SUBARU";"FORESTER";170000;2,5;240
"871";NA;NA;"SUV";NA;NA;2,5;240
"872";NA;NA;"SUV";NA;NA;2,5;240
"873";149990;2009;"SUBARU";"FORESTER";170000;2,5;241
"874";NA;NA;"SUV";NA;NA;2,5;241
"875";NA;NA;"SUV";NA;NA;2,5;241
"876";149990;2009;"SUBARU";"FORESTER";170000;2,5;242
"877";NA;NA;"SUV";NA;NA;2,5;242
"878";NA;NA;"SUV";NA;NA;2,5;242
"879";149990;2009;"SUBARU";"FORESTER";170000;2,5;243
"880";NA;NA;"SUV";NA;NA;2,5;243
"881";NA;NA;"SUV";NA;NA;2,5;243
"882";149990;2009;"SUBARU";"FORESTER";170000;2,5;244
"883";NA;NA;"SUV";NA;NA;2,5;244
"884";NA;NA;"SUV";NA;NA;2,5;244
"885";149990;2009;"SUBARU";"FORESTER";170000;2,5;245
"886";NA;NA;"SUV";NA;NA;2,5;245
"887";NA;NA;"SUV";NA;NA;2,5;245
"888";149990;2009;"SUBARU";"FORESTER";170000;2,5;246
"889";NA;NA;"SUV";NA;NA;2,5;246
"890";NA;NA;"SUV";NA;NA;2,5;246
"891";149990;2009;"SUBARU";"FORESTER";170000;2,5;247
"892";NA;NA;"SUV";NA;NA;2,5;247
"893";NA;NA;"SUV";NA;NA;2,5;247
"894";149990;2009;"SUBARU";"FORESTER";170000;2,5;248
"895";NA;NA;"SUV";NA;NA;2,5;248
"896";NA;NA;"SUV";NA;NA;2,5;248
"897";149990;2009;"SUBARU";"FORESTER";170000;2,5;249
"898";NA;NA;"SUV";NA;NA;2,5;249
"899";NA;NA;"SUV";NA;NA;2,5;249
"900";149990;2009;"SUBARU";"FORESTER";170000;2,5;250
"901";NA;NA;"SUV";NA;NA;2,5;250
"902";NA;NA;"SUV";NA;NA;2,5;250
"903";149990;2009;"SUBARU";"FORESTER";170000;2,5;251
"904";NA;NA;"SUV";NA;NA;2,5;251
"905";NA;NA;"SUV";NA;NA;2,5;251
"906";149990;2009;"SUBARU";"FORESTER";170000;2,5;252
"907";NA;NA;"SUV";NA;NA;2,5;252
"908";NA;NA;"SUV";NA;NA;2,5;252
"909";149990;2009;"SUBARU";"FORESTER";170000;2,5;253
"910";NA;NA;"SUV";NA;NA;2,5;253
"911";NA;NA;"SUV";NA;NA;2,5;253
"912";149990;2009;"SUBARU";"FORESTER";170000;2,5;254
"913";NA;NA;"SUV";NA;NA;2,5;254
"914";NA;NA;"SUV";NA;NA;2,5;254
"915";149990;2009;"SUBARU";"FORESTER";170000;2,5;255
"916";NA;NA;"SUV";NA;NA;2,5;255
"917";NA;NA;"SUV";NA;NA;2,5;255
"918";149990;2009;"SUBARU";"FORESTER";170000;2,5;256
"919";NA;NA;"SUV";NA;NA;2,5;256
"920";NA;NA;"SUV";NA;NA;2,5;256
"921";149990;2009;"SUBARU";"FORESTER";170000;2,5;257
"922";NA;NA;"SUV";NA;NA;2,5;257
"923";NA;NA;"SUV";NA;NA;2,5;257
"924";149990;2009;"SUBARU";"FORESTER";170000;2,5;258
"925";NA;NA;"SUV";NA;NA;2,5;258
"926";NA;NA;"SUV";NA;NA;2,5;258
"927";149990;2009;"SUBARU";"FORESTER";170000;2,5;259
"928";NA;NA;"SUV";NA;NA;2,5;259
"929";NA;NA;"SUV";NA;NA;2,5;259
"930";149990;2009;"SUBARU";"FORESTER";170000;2,5;260
"931";NA;NA;"SUV";NA;NA;2,5;260
"932";NA;NA;"SUV";NA;NA;2,5;260
"933";149990;2009;"SUBARU";"FORESTER";170000;2,5;261
"934";NA;NA;"SUV";NA;NA;2,5;261
"935";NA;NA;"SUV";NA;NA;2,5;261
"936";149990;2009;"SUBARU";"FORESTER";170000;2,5;262
"937";NA;NA;"SUV";NA;NA;2,5;262
"938";NA;NA;"SUV";NA;NA;2,5;262
"939";149990;2009;"SUBARU";"FORESTER";170000;2,5;263
"940";NA;NA;"SUV";NA;NA;2,5;263
"941";NA;NA;"SUV";NA;NA;2,5;263
"942";149990;2009;"SUBARU";"FORESTER";170000;2,5;264
"943";NA;NA;"SUV";NA;NA;2,5;264
"944";NA;NA;"SUV";NA;NA;2,5;264
"945";149990;2009;"SUBARU";"FORESTER";170000;2,5;265
"946";NA;NA;"SUV";NA;NA;2,5;265
"947";NA;NA;"SUV";NA;NA;2,5;265
"948";149990;2009;"SUBARU";"FORESTER";170000;2,5;266
"949";NA;NA;"SUV";NA;NA;2,5;266
"950";NA;NA;"SUV";NA;NA;2,5;266
"951";149990;2009;"SUBARU";"FORESTER";170000;2,5;267
"952";NA;NA;"SUV";NA;NA;2,5;267
"953";NA;NA;"SUV";NA;NA;2,5;267
"954";149990;2009;"SUBARU";"FORESTER";170000;2,5;268
"955";NA;NA;"SUV";NA;NA;2,5;268
"956";NA;NA;"SUV";NA;NA;2,5;268
"957";149990;2009;"SUBARU";"FORESTER";170000;2,5;269
"958";NA;NA;"SUV";NA;NA;2,5;269
"959";NA;NA;"SUV";NA;NA;2,5;269
"960";149990;2009;"SUBARU";"FORESTER";170000;2,5;270
"961";NA;NA;"SUV";NA;NA;2,5;270
"962";NA;NA;"SUV";NA;NA;2,5;270
"963";149990;2009;"SUBARU";"FORESTER";170000;2,5;271
"964";NA;NA;"SUV";NA;NA;2,5;271
"965";NA;NA;"SUV";NA;NA;2,5;271
"966";149990;2009;"SUBARU";"FORESTER";170000;2,5;272
"967";NA;NA;"SUV";NA;NA;2,5;272
"968";NA;NA;"SUV";NA;NA;2,5;272
"969";149990;2009;"SUBARU";"FORESTER";170000;2,5;273
"970";NA;NA;"SUV";NA;NA;2,5;273
"971";NA;NA;"SUV";NA;NA;2,5;273
"972";149990;2009;"SUBARU";"FORESTER";170000;2,5;274
"973";NA;NA;"SUV";NA;NA;2,5;274
"974";NA;NA;"SUV";NA;NA;2,5;274
"975";149990;2009;"SUBARU";"FORESTER";170000;2,5;275
"976";NA;NA;"SUV";NA;NA;2,5;275
"977";NA;NA;"SUV";NA;NA;2,5;275
"978";149990;2009;"SUBARU";"FORESTER";170000;2,5;276
"979";NA;NA;"SUV";NA;NA;2,5;276
"980";NA;NA;"SUV";NA;NA;2,5;276
"981";149990;2009;"SUBARU";"FORESTER";170000;2,5;277
"982";NA;NA;"SUV";NA;NA;2,5;277
"983";NA;NA;"SUV";NA;NA;2,5;277
"984";149990;2009;"SUBARU";"FORESTER";170000;2,5;278
"985";NA;NA;"SUV";NA;NA;2,5;278
"986";NA;NA;"SUV";NA;NA;2,5;278
"987";149990;2009;"SUBARU";"FORESTER";170000;2,5;279
"988";NA;NA;"SUV";NA;NA;2,5;279
"989";NA;NA;"SUV";NA;NA;2,5;279
"990";149990;2009;"SUBARU";"FORESTER";170000;2,5;280
"991";NA;NA;"SUV";NA;NA;2,5;280
"992";NA;NA;"SUV";NA;NA;2,5;280
"993";149990;2009;"SUBARU";"FORESTER";170000;2,5;281
"994";NA;NA;"SUV";NA;NA;2,5;281
"995";NA;NA;"SUV";NA;NA;2,5;281
"996";149990;2009;"SUBARU";"FORESTER";170000;2,5;282
"997";NA;NA;"SUV";NA;NA;2,5;282
"998";NA;NA;"SUV";NA;NA;2,5;282
"999";149990;2009;"SUBARU";"FORESTER";170000;2,5;283
"1000";NA;NA;"SUV";NA;NA;2,5;283
"1001";NA;NA;"SUV";NA;NA;2,5;283
"1002";149990;2009;"SUBARU";"FORESTER";170000;2,5;284
"1003";NA;NA;"SUV";NA;NA;2,5;284
"1004";NA;NA;"SUV";NA;NA;2,5;284
"1005";149990;2009;"SUBARU";"FORESTER";170000;2,5;285
"1006";NA;NA;"SUV";NA;NA;2,5;285
"1007";NA;NA;"SUV";NA;NA;2,5;285
"1008";149990;2009;"SUBARU";"FORESTER";170000;2,5;286
"1009";NA;NA;"SUV";NA;NA;2,5;286
"1010";NA;NA;"SUV";NA;NA;2,5;286
"1011";149990;2009;"SUBARU";"FORESTER";170000;2,5;287
"1012";NA;NA;"SUV";NA;NA;2,5;287
"1013";NA;NA;"SUV";NA;NA;2,5;287
"1014";149990;2009;"SUBARU";"FORESTER";170000;2,5;288
"1015";NA;NA;"SUV";NA;NA;2,5;288
"1016";NA;NA;"SUV";NA;NA;2,5;288
"1017";149990;2009;"SUBARU";"FORESTER";170000;2,5;289
"1018";NA;NA;"SUV";NA;NA;2,5;289
"1019";NA;NA;"SUV";NA;NA;2,5;289
"1020";149990;2009;"SUBARU";"FORESTER";170000;2,5;290
"1021";NA;NA;"SUV";NA;NA;2,5;290
"1022";NA;NA;"SUV";NA;NA;2,5;290
"1023";149990;2009;"SUBARU";"FORESTER";170000;2,5;291
"1024";NA;NA;"SUV";NA;NA;2,5;291
"1025";NA;NA;"SUV";NA;NA;2,5;291
"1026";149990;2009;"SUBARU";"FORESTER";170000;2,5;292
"1027";NA;NA;"SUV";NA;NA;2,5;292
"1028";NA;NA;"SUV";NA;NA;2,5;292
"1029";149990;2009;"SUBARU";"FORESTER";170000;2,5;293
"1030";NA;NA;"SUV";NA;NA;2,5;293
"1031";NA;NA;"SUV";NA;NA;2,5;293
"1032";149990;2009;"SUBARU";"FORESTER";170000;2,5;294
"1033";NA;NA;"SUV";NA;NA;2,5;294
"1034";NA;NA;"SUV";NA;NA;2,5;294
"1035";149990;2009;"SUBARU";"FORESTER";170000;2,5;295
"1036";NA;NA;"SUV";NA;NA;2,5;295
"1037";NA;NA;"SUV";NA;NA;2,5;295
"1038";149990;2009;"SUBARU";"FORESTER";170000;2,5;296
"1039";NA;NA;"SUV";NA;NA;2,5;296
"1040";NA;NA;"SUV";NA;NA;2,5;296
"1041";149990;2009;"SUBARU";"FORESTER";170000;2,5;297
"1042";NA;NA;"SUV";NA;NA;2,5;297
"1043";NA;NA;"SUV";NA;NA;2,5;297
"1044";149990;2009;"SUBARU";"FORESTER";170000;2,5;298
"1045";NA;NA;"SUV";NA;NA;2,5;298
"1046";NA;NA;"SUV";NA;NA;2,5;298
"1047";149990;2009;"SUBARU";"FORESTER";170000;2,5;299
"1048";NA;NA;"SUV";NA;NA;2,5;299
"1049";NA;NA;"SUV";NA;NA;2,5;299
"1050";149990;2009;"SUBARU";"FORESTER";170000;2,5;300
"1051";NA;NA;"SUV";NA;NA;2,5;300
"1052";NA;NA;"SUV";NA;NA;2,5;300
"1053";149990;2009;"SUBARU";"FORESTER";170000;2,5;301
"1054";NA;NA;"SUV";NA;NA;2,5;301
"1055";NA;NA;"SUV";NA;NA;2,5;301
"1056";149990;2009;"SUBARU";"FORESTER";170000;2,5;302
"1057";NA;NA;"SUV";NA;NA;2,5;302
"1058";NA;NA;"SUV";NA;NA;2,5;302
"1059";149990;2009;"SUBARU";"FORESTER";170000;2,5;303
"1060";NA;NA;"SUV";NA;NA;2,5;303
"1061";NA;NA;"SUV";NA;NA;2,5;303
"1062";149990;2009;"SUBARU";"FORESTER";170000;2,5;304
"1063";NA;NA;"SUV";NA;NA;2,5;304
"1064";NA;NA;"SUV";NA;NA;2,5;304
"1065";149990;2009;"SUBARU";"FORESTER";170000;2,5;305
"1066";NA;NA;"SUV";NA;NA;2,5;305
"1067";NA;NA;"SUV";NA;NA;2,5;305
"1068";149990;2009;"SUBARU";"FORESTER";170000;2,5;306
"1069";NA;NA;"SUV";NA;NA;2,5;306
"1070";NA;NA;"SUV";NA;NA;2,5;306
"1071";149990;2009;"SUBARU";"FORESTER";170000;2,5;307
"1072";NA;NA;"SUV";NA;NA;2,5;307
"1073";NA;NA;"SUV";NA;NA;2,5;307
"1074";149990;2009;"SUBARU";"FORESTER";170000;2,5;308
"1075";NA;NA;"SUV";NA;NA;2,5;308
"1076";NA;NA;"SUV";NA;NA;2,5;308
"1077";149990;2009;"SUBARU";"FORESTER";170000;2,5;309
"1078";NA;NA;"SUV";NA;NA;2,5;309
"1079";NA;NA;"SUV";NA;NA;2,5;309
"1080";149990;2009;"SUBARU";"FORESTER";170000;2,5;310
"1081";NA;NA;"SUV";NA;NA;2,5;310
"1082";NA;NA;"SUV";NA;NA;2,5;310
"1083";149990;2009;"SUBARU";"FORESTER";170000;2,5;311
"1084";NA;NA;"SUV";NA;NA;2,5;311
"1085";NA;NA;"SUV";NA;NA;2,5;311
"1086";149990;2009;"SUBARU";"FORESTER";170000;2,5;312
"1087";NA;NA;"SUV";NA;NA;2,5;312
"1088";NA;NA;"SUV";NA;NA;2,5;312
"1089";149990;2009;"SUBARU";"FORESTER";170000;2,5;313
"1090";NA;NA;"SUV";NA;NA;2,5;313
"1091";NA;NA;"SUV";NA;NA;2,5;313
"1092";149990;2009;"SUBARU";"FORESTER";170000;2,5;314
"1093";NA;NA;"SUV";NA;NA;2,5;314
"1094";NA;NA;"SUV";NA;NA;2,5;314
"1095";149990;2009;"SUBARU";"FORESTER";170000;2,5;315
"1096";NA;NA;"SUV";NA;NA;2,5;315
"1097";NA;NA;"SUV";NA;NA;2,5;315
"1098";149990;2009;"SUBARU";"FORESTER";170000;2,5;316
"1099";NA;NA;"SUV";NA;NA;2,5;316
"1100";NA;NA;"SUV";NA;NA;2,5;316
"1101";149990;2009;"SUBARU";"FORESTER";170000;2,5;317
"1102";NA;NA;"SUV";NA;NA;2,5;317
"1103";NA;NA;"SUV";NA;NA;2,5;317
"1104";149990;2009;"SUBARU";"FORESTER";170000;2,5;318
"1105";NA;NA;"SUV";NA;NA;2,5;318
"1106";NA;NA;"SUV";NA;NA;2,5;318
"1107";149990;2009;"SUBARU";"FORESTER";170000;2,5;319
"1108";NA;NA;"SUV";NA;NA;2,5;319
"1109";NA;NA;"SUV";NA;NA;2,5;319
"1110";149990;2009;"SUBARU";"FORESTER";170000;2,5;320
"1111";NA;NA;"SUV";NA;NA;2,5;320
"1112";NA;NA;"SUV";NA;NA;2,5;320
"1113";149990;2009;"SUBARU";"FORESTER";170000;2,5;321
"1114";NA;NA;"SUV";NA;NA;2,5;321
"1115";NA;NA;"SUV";NA;NA;2,5;321
"1116";149990;2009;"SUBARU";"FORESTER";170000;2,5;322
"1117";NA;NA;"SUV";NA;NA;2,5;322
"1118";NA;NA;"SUV";NA;NA;2,5;322
"1119";149990;2009;"SUBARU";"FORESTER";170000;2,5;323
"1120";NA;NA;"SUV";NA;NA;2,5;323
"1121";NA;NA;"SUV";NA;NA;2,5;323
"1122";149990;2009;"SUBARU";"FORESTER";170000;2,5;324
"1123";NA;NA;"SUV";NA;NA;2,5;324
"1124";NA;NA;"SUV";NA;NA;2,5;324
"1125";149990;2009;"SUBARU";"FORESTER";170000;2,5;325
"1126";NA;NA;"SUV";NA;NA;2,5;325
"1127";NA;NA;"SUV";NA;NA;2,5;325
"1128";149990;2009;"SUBARU";"FORESTER";170000;2,5;326
"1129";NA;NA;"SUV";NA;NA;2,5;326
"1130";NA;NA;"SUV";NA;NA;2,5;326
"1131";149990;2009;"SUBARU";"FORESTER";170000;2,5;327
"1132";NA;NA;"SUV";NA;NA;2,5;327
"1133";NA;NA;"SUV";NA;NA;2,5;327
"1134";149990;2009;"SUBARU";"FORESTER";170000;2,5;328
"1135";NA;NA;"SUV";NA;NA;2,5;328
"1136";NA;NA;"SUV";NA;NA;2,5;328
"1137";149990;2009;"SUBARU";"FORESTER";170000;2,5;329
"1138";NA;NA;"SUV";NA;NA;2,5;329
"1139";NA;NA;"SUV";NA;NA;2,5;329
"1140";149990;2009;"SUBARU";"FORESTER";170000;2,5;330
"1141";NA;NA;"SUV";NA;NA;2,5;330
"1142";NA;NA;"SUV";NA;NA;2,5;330
"1143";149990;2009;"SUBARU";"FORESTER";170000;2,5;331
"1144";NA;NA;"SUV";NA;NA;2,5;331
"1145";NA;NA;"SUV";NA;NA;2,5;331
"1146";149990;2009;"SUBARU";"FORESTER";170000;2,5;332
"1147";NA;NA;"SUV";NA;NA;2,5;332
"1148";NA;NA;"SUV";NA;NA;2,5;332
"1149";149990;2009;"SUBARU";"FORESTER";170000;2,5;333
"1150";NA;NA;"SUV";NA;NA;2,5;333
"1151";NA;NA;"SUV";NA;NA;2,5;333
"1152";149990;2009;"SUBARU";"FORESTER";170000;2,5;334
"1153";NA;NA;"SUV";NA;NA;2,5;334
"1154";NA;NA;"SUV";NA;NA;2,5;334
"1155";149990;2009;"SUBARU";"FORESTER";170000;2,5;335
"1156";NA;NA;"SUV";NA;NA;2,5;335
"1157";NA;NA;"SUV";NA;NA;2,5;335
"1158";149990;2009;"SUBARU";"FORESTER";170000;2,5;336
"1159";NA;NA;"SUV";NA;NA;2,5;336
"1160";NA;NA;"SUV";NA;NA;2,5;336
"1161";149990;2009;"SUBARU";"FORESTER";170000;2,5;337
"1162";NA;NA;"SUV";NA;NA;2,5;337
"1163";NA;NA;"SUV";NA;NA;2,5;337
"1164";149990;2009;"SUBARU";"FORESTER";170000;2,5;338
"1165";NA;NA;"SUV";NA;NA;2,5;338
"1166";NA;NA;"SUV";NA;NA;2,5;338
"1167";149990;2009;"SUBARU";"FORESTER";170000;2,5;339
"1168";NA;NA;"SUV";NA;NA;2,5;339
"1169";NA;NA;"SUV";NA;NA;2,5;339
"1170";149990;2009;"SUBARU";"FORESTER";170000;2,5;340
"1171";NA;NA;"SUV";NA;NA;2,5;340
"1172";NA;NA;"SUV";NA;NA;2,5;340
"1173";149990;2009;"SUBARU";"FORESTER";170000;2,5;341
"1174";NA;NA;"SUV";NA;NA;2,5;341
"1175";NA;NA;"SUV";NA;NA;2,5;341
"1176";149990;2009;"SUBARU";"FORESTER";170000;2,5;342
"1177";NA;NA;"SUV";NA;NA;2,5;342
"1178";NA;NA;"SUV";NA;NA;2,5;342
"1179";149990;2009;"SUBARU";"FORESTER";170000;2,5;343
"1180";NA;NA;"SUV";NA;NA;2,5;343
"1181";NA;NA;"SUV";NA;NA;2,5;343
"1182";149990;2009;"SUBARU";"FORESTER";170000;2,5;344
"1183";NA;NA;"SUV";NA;NA;2,5;344
"1184";NA;NA;"SUV";NA;NA;2,5;344
"1185";149990;2009;"SUBARU";"FORESTER";170000;2,5;345
"1186";NA;NA;"SUV";NA;NA;2,5;345
"1187";NA;NA;"SUV";NA;NA;2,5;345
"1188";149990;2009;"SUBARU";"FORESTER";170000;2,5;346
"1189";NA;NA;"SUV";NA;NA;2,5;346
"1190";NA;NA;"SUV";NA;NA;2,5;346
"1191";149990;2009;"SUBARU";"FORESTER";170000;2,5;347
"1192";NA;NA;"SUV";NA;NA;2,5;347
"1193";NA;NA;"SUV";NA;NA;2,5;347
"1194";149990;2009;"SUBARU";"FORESTER";170000;2,5;348
"1195";NA;NA;"SUV";NA;NA;2,5;348
"1196";NA;NA;"SUV";NA;NA;2,5;348
"1197";149990;2009;"SUBARU";"FORESTER";170000;2,5;349
"1198";NA;NA;"SUV";NA;NA;2,5;349
"1199";NA;NA;"SUV";NA;NA;2,5;349
"1200";149990;2009;"SUBARU";"FORESTER";170000;2,5;350
"1201";NA;NA;"SUV";NA;NA;2,5;350
"1202";NA;NA;"SUV";NA;NA;2,5;350
"1203";149990;2009;"SUBARU";"FORESTER";170000;2,5;351
"1204";NA;NA;"SUV";NA;NA;2,5;351
"1205";NA;NA;"SUV";NA;NA;2,5;351
"1206";149990;2009;"SUBARU";"FORESTER";170000;2,5;352
"1207";NA;NA;"SUV";NA;NA;2,5;352
"1208";NA;NA;"SUV";NA;NA;2,5;352
"1209";149990;2009;"SUBARU";"FORESTER";170000;2,5;353
"1210";NA;NA;"SUV";NA;NA;2,5;353
"1211";NA;NA;"SUV";NA;NA;2,5;353
"1212";149990;2009;"SUBARU";"FORESTER";170000;2,5;354
"1213";NA;NA;"SUV";NA;NA;2,5;354
"1214";NA;NA;"SUV";NA;NA;2,5;354
"1215";149990;2009;"SUBARU";"FORESTER";170000;2,5;355
"1216";NA;NA;"SUV";NA;NA;2,5;355
"1217";NA;NA;"SUV";NA;NA;2,5;355
"1218";149990;2009;"SUBARU";"FORESTER";170000;2,5;356
"1219";NA;NA;"SUV";NA;NA;2,5;356
"1220";NA;NA;"SUV";NA;NA;2,5;356
"1221";149990;2009;"SUBARU";"FORESTER";170000;2,5;357
"1222";NA;NA;"SUV";NA;NA;2,5;357
"1223";NA;NA;"SUV";NA;NA;2,5;357
"1224";149990;2009;"SUBARU";"FORESTER";170000;2,5;358
"1225";NA;NA;"SUV";NA;NA;2,5;358
"1226";NA;NA;"SUV";NA;NA;2,5;358
"1227";149990;2009;"SUBARU";"FORESTER";170000;2,5;359
"1228";NA;NA;"SUV";NA;NA;2,5;359
"1229";NA;NA;"SUV";NA;NA;2,5;359
"1230";149990;2009;"SUBARU";"FORESTER";170000;2,5;360
"1231";NA;NA;"SUV";NA;NA;2,5;360
"1232";NA;NA;"SUV";NA;NA;2,5;360
"1233";149990;2009;"SUBARU";"FORESTER";170000;2,5;361
"1234";NA;NA;"SUV";NA;NA;2,5;361
"1235";NA;NA;"SUV";NA;NA;2,5;361
"1236";149990;2009;"SUBARU";"FORESTER";170000;2,5;362
"1237";NA;NA;"SUV";NA;NA;2,5;362
"1238";NA;NA;"SUV";NA;NA;2,5;362
"1239";149990;2009;"SUBARU";"FORESTER";170000;2,5;363
"1240";NA;NA;"SUV";NA;NA;2,5;363
"1241";NA;NA;"SUV";NA;NA;2,5;363
"1242";149990;2009;"SUBARU";"FORESTER";170000;2,5;364
"1243";NA;NA;"SUV";NA;NA;2,5;364
"1244";NA;NA;"SUV";NA;NA;2,5;364
"1245";149990;2009;"SUBARU";"FORESTER";170000;2,5;365
"1246";NA;NA;"SUV";NA;NA;2,5;365
"1247";NA;NA;"SUV";NA;NA;2,5;365
"1248";149990;2009;"SUBARU";"FORESTER";170000;2,5;366
"1249";NA;NA;"SUV";NA;NA;2,5;366
"1250";NA;NA;"SUV";NA;NA;2,5;366
"1251";149990;2009;"SUBARU";"FORESTER";170000;2,5;367
"1252";NA;NA;"SUV";NA;NA;2,5;367
"1253";NA;NA;"SUV";NA;NA;2,5;367
"1254";149990;2009;"SUBARU";"FORESTER";170000;2,5;368
"1255";NA;NA;"SUV";NA;NA;2,5;368
"1256";NA;NA;"SUV";NA;NA;2,5;368
"1257";149990;2009;"SUBARU";"FORESTER";170000;2,5;369
"1258";NA;NA;"SUV";NA;NA;2,5;369
"1259";NA;NA;"SUV";NA;NA;2,5;369
"1260";149990;2009;"SUBARU";"FORESTER";170000;2,5;370
"1261";NA;NA;"SUV";NA;NA;2,5;370
"1262";NA;NA;"SUV";NA;NA;2,5;370
"1263";149990;2009;"SUBARU";"FORESTER";170000;2,5;371
"1264";NA;NA;"SUV";NA;NA;2,5;371
"1265";NA;NA;"SUV";NA;NA;2,5;371
"1266";149990;2009;"SUBARU";"FORESTER";170000;2,5;372
"1267";NA;NA;"SUV";NA;NA;2,5;372
"1268";NA;NA;"SUV";NA;NA;2,5;372
"1269";149990;2009;"SUBARU";"FORESTER";170000;2,5;373
"1270";NA;NA;"SUV";NA;NA;2,5;373
"1271";NA;NA;"SUV";NA;NA;2,5;373
"1272";149990;2009;"SUBARU";"FORESTER";170000;2,5;374
"1273";NA;NA;"SUV";NA;NA;2,5;374
"1274";NA;NA;"SUV";NA;NA;2,5;374
"1275";149990;2009;"SUBARU";"FORESTER";170000;2,5;375
"1276";NA;NA;"SUV";NA;NA;2,5;375
"1277";NA;NA;"SUV";NA;NA;2,5;375
"1278";149990;2009;"SUBARU";"FORESTER";170000;2,5;376
"1279";NA;NA;"SUV";NA;NA;2,5;376
"1280";NA;NA;"SUV";NA;NA;2,5;376
"1281";149990;2009;"SUBARU";"FORESTER";170000;2,5;377
"1282";NA;NA;"SUV";NA;NA;2,5;377
"1283";NA;NA;"SUV";NA;NA;2,5;377
"1284";149990;2009;"SUBARU";"FORESTER";170000;2,5;378
"1285";NA;NA;"SUV";NA;NA;2,5;378
"1286";NA;NA;"SUV";NA;NA;2,5;378
"1287";149990;2009;"SUBARU";"FORESTER";170000;2,5;379
"1288";NA;NA;"SUV";NA;NA;2,5;379
"1289";NA;NA;"SUV";NA;NA;2,5;379
"1290";149990;2009;"SUBARU";"FORESTER";170000;2,5;380
"1291";NA;NA;"SUV";NA;NA;2,5;380
"1292";NA;NA;"SUV";NA;NA;2,5;380
"1293";149990;2009;"SUBARU";"FORESTER";170000;2,5;381
"1294";NA;NA;"SUV";NA;NA;2,5;381
"1295";NA;NA;"SUV";NA;NA;2,5;381
"1296";149990;2009;"SUBARU";"FORESTER";170000;2,5;382
"1297";NA;NA;"SUV";NA;NA;2,5;382
"1298";NA;NA;"SUV";NA;NA;2,5;382
"1299";149990;2009;"SUBARU";"FORESTER";170000;2,5;383
"1300";NA;NA;"SUV";NA;NA;2,5;383
"1301";NA;NA;"SUV";NA;NA;2,5;383
"1302";149990;2009;"SUBARU";"FORESTER";170000;2,5;384
"1303";NA;NA;"SUV";NA;NA;2,5;384
"1304";NA;NA;"SUV";NA;NA;2,5;384
"1305";149990;2009;"SUBARU";"FORESTER";170000;2,5;385
"1306";NA;NA;"SUV";NA;NA;2,5;385
"1307";NA;NA;"SUV";NA;NA;2,5;385
"1308";149990;2009;"SUBARU";"FORESTER";170000;2,5;386
"1309";NA;NA;"SUV";NA;NA;2,5;386
"1310";NA;NA;"SUV";NA;NA;2,5;386
"1311";149990;2009;"SUBARU";"FORESTER";170000;2,5;387
"1312";NA;NA;"SUV";NA;NA;2,5;387
"1313";NA;NA;"SUV";NA;NA;2,5;387
"1314";149990;2009;"SUBARU";"FORESTER";170000;2,5;388
"1315";NA;NA;"SUV";NA;NA;2,5;388
"1316";NA;NA;"SUV";NA;NA;2,5;388
"1317";149990;2009;"SUBARU";"FORESTER";170000;2,5;389
"1318";NA;NA;"SUV";NA;NA;2,5;389
"1319";NA;NA;"SUV";NA;NA;2,5;389
"1320";149990;2009;"SUBARU";"FORESTER";170000;2,5;390
"1321";NA;NA;"SUV";NA;NA;2,5;390
"1322";NA;NA;"SUV";NA;NA;2,5;390
"1323";149990;2009;"SUBARU";"FORESTER";170000;2,5;391
"1324";NA;NA;"SUV";NA;NA;2,5;391
"1325";NA;NA;"SUV";NA;NA;2,5;391
"1326";149990;2009;"SUBARU";"FORESTER";170000;2,5;392
"1327";NA;NA;"SUV";NA;NA;2,5;392
"1328";NA;NA;"SUV";NA;NA;2,5;392
"1329";149990;2009;"SUBARU";"FORESTER";170000;2,5;393
"1330";NA;NA;"SUV";NA;NA;2,5;393
"1331";NA;NA;"SUV";NA;NA;2,5;393
"1332";149990;2009;"SUBARU";"FORESTER";170000;2,5;394
"1333";NA;NA;"SUV";NA;NA;2,5;394
"1334";NA;NA;"SUV";NA;NA;2,5;394
"1335";149990;2009;"SUBARU";"FORESTER";170000;2,5;395
"1336";NA;NA;"SUV";NA;NA;2,5;395
"1337";NA;NA;"SUV";NA;NA;2,5;395
"1338";149990;2009;"SUBARU";"FORESTER";170000;2,5;396
"1339";NA;NA;"SUV";NA;NA;2,5;396
"1340";NA;NA;"SUV";NA;NA;2,5;396
"1341";149990;2009;"SUBARU";"FORESTER";170000;2,5;397
"1342";NA;NA;"SUV";NA;NA;2,5;397
"1343";NA;NA;"SUV";NA;NA;2,5;397
"1344";149990;2009;"SUBARU";"FORESTER";170000;2,5;398
"1345";NA;NA;"SUV";NA;NA;2,5;398
"1346";NA;NA;"SUV";NA;NA;2,5;398
"1347";149990;2009;"SUBARU";"FORESTER";170000;2,5;399
"1348";NA;NA;"SUV";NA;NA;2,5;399
"1349";NA;NA;"SUV";NA;NA;2,5;399
"1350";149990;2009;"SUBARU";"FORESTER";170000;2,5;400
"1351";NA;NA;"SUV";NA;NA;2,5;400
"1352";NA;NA;"SUV";NA;NA;2,5;400
"1353";149990;2009;"SUBARU";"FORESTER";170000;2,5;401
"1354";NA;NA;"SUV";NA;NA;2,5;401
"1355";NA;NA;"SUV";NA;NA;2,5;401
"1356";149990;2009;"SUBARU";"FORESTER";170000;2,5;402
"1357";NA;NA;"SUV";NA;NA;2,5;402
"1358";NA;NA;"SUV";NA;NA;2,5;402
"1359";149990;2009;"SUBARU";"FORESTER";170000;2,5;403
"1360";NA;NA;"SUV";NA;NA;2,5;403
"1361";NA;NA;"SUV";NA;NA;2,5;403
"1362";149990;2009;"SUBARU";"FORESTER";170000;2,5;404
"1363";NA;NA;"SUV";NA;NA;2,5;404
"1364";NA;NA;"SUV";NA;NA;2,5;404
"1365";149990;2009;"SUBARU";"FORESTER";170000;2,5;405
"1366";NA;NA;"SUV";NA;NA;2,5;405
"1367";NA;NA;"SUV";NA;NA;2,5;405
"1368";149990;2009;"SUBARU";"FORESTER";170000;2,5;406
"1369";NA;NA;"SUV";NA;NA;2,5;406
"1370";NA;NA;"SUV";NA;NA;2,5;406
"1371";149990;2009;"SUBARU";"FORESTER";170000;2,5;407
"1372";NA;NA;"SUV";NA;NA;2,5;407
"1373";NA;NA;"SUV";NA;NA;2,5;407
"1374";149990;2009;"SUBARU";"FORESTER";170000;2,5;408
"1375";NA;NA;"SUV";NA;NA;2,5;408
"1376";NA;NA;"SUV";NA;NA;2,5;408
"1377";149990;2009;"SUBARU";"FORESTER";170000;2,5;409
"1378";NA;NA;"SUV";NA;NA;2,5;409
"1379";NA;NA;"SUV";NA;NA;2,5;409
"1380";149990;2009;"SUBARU";"FORESTER";170000;2,5;410
"1381";NA;NA;"SUV";NA;NA;2,5;410
"1382";NA;NA;"SUV";NA;NA;2,5;410
"1383";149990;2009;"SUBARU";"FORESTER";170000;2,5;411
"1384";NA;NA;"SUV";NA;NA;2,5;411
"1385";NA;NA;"SUV";NA;NA;2,5;411
"1386";149990;2009;"SUBARU";"FORESTER";170000;2,5;412
"1387";NA;NA;"SUV";NA;NA;2,5;412
"1388";NA;NA;"SUV";NA;NA;2,5;412
"1389";149990;2009;"SUBARU";"FORESTER";170000;2,5;413
"1390";NA;NA;"SUV";NA;NA;2,5;413
"1391";NA;NA;"SUV";NA;NA;2,5;413
"1392";149990;2009;"SUBARU";"FORESTER";170000;2,5;414
"1393";NA;NA;"SUV";NA;NA;2,5;414
"1394";NA;NA;"SUV";NA;NA;2,5;414
"1395";149990;2009;"SUBARU";"FORESTER";170000;2,5;415
"1396";NA;NA;"SUV";NA;NA;2,5;415
"1397";NA;NA;"SUV";NA;NA;2,5;415
"1398";149990;2009;"SUBARU";"FORESTER";170000;2,5;416
"1399";NA;NA;"SUV";NA;NA;2,5;416
"1400";NA;NA;"SUV";NA;NA;2,5;416
"1401";149990;2009;"SUBARU";"FORESTER";170000;2,5;417
"1402";NA;NA;"SUV";NA;NA;2,5;417
"1403";NA;NA;"SUV";NA;NA;2,5;417
"1404";149990;2009;"SUBARU";"FORESTER";170000;2,5;418
"1405";NA;NA;"SUV";NA;NA;2,5;418
"1406";NA;NA;"SUV";NA;NA;2,5;418
"1407";149990;2009;"SUBARU";"FORESTER";170000;2,5;419
"1408";NA;NA;"SUV";NA;NA;2,5;419
"1409";NA;NA;"SUV";NA;NA;2,5;419
"1410";149990;2009;"SUBARU";"FORESTER";170000;2,5;420
"1411";NA;NA;"SUV";NA;NA;2,5;420
"1412";NA;NA;"SUV";NA;NA;2,5;420
"1413";149990;2009;"SUBARU";"FORESTER";170000;2,5;421
"1414";NA;NA;"SUV";NA;NA;2,5;421
"1415";NA;NA;"SUV";NA;NA;2,5;421
"1416";149990;2009;"SUBARU";"FORESTER";170000;2,5;422
"1417";NA;NA;"SUV";NA;NA;2,5;422
"1418";NA;NA;"SUV";NA;NA;2,5;422
"1419";149990;2009;"SUBARU";"FORESTER";170000;2,5;423
"1420";NA;NA;"SUV";NA;NA;2,5;423
"1421";NA;NA;"SUV";NA;NA;2,5;423
"1422";149990;2009;"SUBARU";"FORESTER";170000;2,5;424
"1423";NA;NA;"SUV";NA;NA;2,5;424
"1424";NA;NA;"SUV";NA;NA;2,5;424
"1425";149990;2009;"SUBARU";"FORESTER";170000;2,5;425
"1426";NA;NA;"SUV";NA;NA;2,5;425
"1427";NA;NA;"SUV";NA;NA;2,5;425
"1428";149990;2009;"SUBARU";"FORESTER";170000;2,5;426
"1429";NA;NA;"SUV";NA;NA;2,5;426
"1430";NA;NA;"SUV";NA;NA;2,5;426
"1431";149990;2009;"SUBARU";"FORESTER";170000;2,5;427
"1432";NA;NA;"SUV";NA;NA;2,5;427
"1433";NA;NA;"SUV";NA;NA;2,5;427
"1434";149990;2009;"SUBARU";"FORESTER";170000;2,5;428
"1435";NA;NA;"SUV";NA;NA;2,5;428
"1436";NA;NA;"SUV";NA;NA;2,5;428
"1437";149990;2009;"SUBARU";"FORESTER";170000;2,5;429
"1438";NA;NA;"SUV";NA;NA;2,5;429
"1439";NA;NA;"SUV";NA;NA;2,5;429
"1440";149990;2009;"SUBARU";"FORESTER";170000;2,5;430
"1441";NA;NA;"SUV";NA;NA;2,5;430
"1442";NA;NA;"SUV";NA;NA;2,5;430
"1443";149990;2009;"SUBARU";"FORESTER";170000;2,5;431
"1444";NA;NA;"SUV";NA;NA;2,5;431
"1445";NA;NA;"SUV";NA;NA;2,5;431
"1446";149990;2009;"SUBARU";"FORESTER";170000;2,5;432
"1447";NA;NA;"SUV";NA;NA;2,5;432
"1448";NA;NA;"SUV";NA;NA;2,5;432
"1449";149990;2009;"SUBARU";"FORESTER";170000;2,5;433
"1450";NA;NA;"SUV";NA;NA;2,5;433
"1451";NA;NA;"SUV";NA;NA;2,5;433
"1452";149990;2009;"SUBARU";"FORESTER";170000;2,5;434
"1453";NA;NA;"SUV";NA;NA;2,5;434
"1454";NA;NA;"SUV";NA;NA;2,5;434
"1455";149990;2009;"SUBARU";"FORESTER";170000;2,5;435
"1456";NA;NA;"SUV";NA;NA;2,5;435
"1457";NA;NA;"SUV";NA;NA;2,5;435
"1458";149990;2009;"SUBARU";"FORESTER";170000;2,5;436
"1459";NA;NA;"SUV";NA;NA;2,5;436
"1460";NA;NA;"SUV";NA;NA;2,5;436
"1461";149990;2009;"SUBARU";"FORESTER";170000;2,5;437
"1462";NA;NA;"SUV";NA;NA;2,5;437
"1463";NA;NA;"SUV";NA;NA;2,5;437
"1464";149990;2009;"SUBARU";"FORESTER";170000;2,5;438
"1465";NA;NA;"SUV";NA;NA;2,5;438
"1466";NA;NA;"SUV";NA;NA;2,5;438
"1467";149990;2009;"SUBARU";"FORESTER";170000;2,5;439
"1468";NA;NA;"SUV";NA;NA;2,5;439
"1469";NA;NA;"SUV";NA;NA;2,5;439
"1470";149990;2009;"SUBARU";"FORESTER";170000;2,5;440
"1471";NA;NA;"SUV";NA;NA;2,5;440
"1472";NA;NA;"SUV";NA;NA;2,5;440
"1473";149990;2009;"SUBARU";"FORESTER";170000;2,5;441
"1474";NA;NA;"SUV";NA;NA;2,5;441
"1475";NA;NA;"SUV";NA;NA;2,5;441
"1476";149990;2009;"SUBARU";"FORESTER";170000;2,5;442
"1477";NA;NA;"SUV";NA;NA;2,5;442
"1478";NA;NA;"SUV";NA;NA;2,5;442
"1479";149990;2009;"SUBARU";"FORESTER";170000;2,5;443
"1480";NA;NA;"SUV";NA;NA;2,5;443
"1481";NA;NA;"SUV";NA;NA;2,5;443
"1482";149990;2009;"SUBARU";"FORESTER";170000;2,5;444
"1483";NA;NA;"SUV";NA;NA;2,5;444
"1484";NA;NA;"SUV";NA;NA;2,5;444
"1485";149990;2009;"SUBARU";"FORESTER";170000;2,5;445
"1486";NA;NA;"SUV";NA;NA;2,5;445
"1487";NA;NA;"SUV";NA;NA;2,5;445
"1488";149990;2009;"SUBARU";"FORESTER";170000;2,5;446
"1489";NA;NA;"SUV";NA;NA;2,5;446
"1490";NA;NA;"SUV";NA;NA;2,5;446
"1491";149990;2009;"SUBARU";"FORESTER";170000;2,5;447
"1492";NA;NA;"SUV";NA;NA;2,5;447
"1493";NA;NA;"SUV";NA;NA;2,5;447
"1494";149990;2009;"SUBARU";"FORESTER";170000;2,5;448
"1495";NA;NA;"SUV";NA;NA;2,5;448
"1496";NA;NA;"SUV";NA;NA;2,5;448
"1497";149990;2009;"SUBARU";"FORESTER";170000;2,5;449
"1498";NA;NA;"SUV";NA;NA;2,5;449
"1499";NA;NA;"SUV";NA;NA;2,5;449
"1500";149990;2009;"SUBARU";"FORESTER";170000;2,5;450
"1501";NA;NA;"SUV";NA;NA;2,5;450
"1502";NA;NA;"SUV";NA;NA;2,5;450
"1503";149990;2009;"SUBARU";"FORESTER";170000;2,5;451
"1504";NA;NA;"SUV";NA;NA;2,5;451
"1505";NA;NA;"SUV";NA;NA;2,5;451
"1506";149990;2009;"SUBARU";"FORESTER";170000;2,5;452
"1507";NA;NA;"SUV";NA;NA;2,5;452
"1508";NA;NA;"SUV";NA;NA;2,5;452
"1509";149990;2009;"SUBARU";"FORESTER";170000;2,5;453
"1510";NA;NA;"SUV";NA;NA;2,5;453
"1511";NA;NA;"SUV";NA;NA;2,5;453
"1512";149990;2009;"SUBARU";"FORESTER";170000;2,5;454
"1513";NA;NA;"SUV";NA;NA;2,5;454
"1514";NA;NA;"SUV";NA;NA;2,5;454
"1515";149990;2009;"SUBARU";"FORESTER";170000;2,5;455
"1516";NA;NA;"SUV";NA;NA;2,5;455
"1517";NA;NA;"SUV";NA;NA;2,5;455
"1518";149990;2009;"SUBARU";"FORESTER";170000;2,5;456
"1519";NA;NA;"SUV";NA;NA;2,5;456
"1520";NA;NA;"SUV";NA;NA;2,5;456
"1521";149990;2009;"SUBARU";"FORESTER";170000;2,5;457
"1522";NA;NA;"SUV";NA;NA;2,5;457
"1523";NA;NA;"SUV";NA;NA;2,5;457
"1524";149990;2009;"SUBARU";"FORESTER";170000;2,5;458
"1525";NA;NA;"SUV";NA;NA;2,5;458
"1526";NA;NA;"SUV";NA;NA;2,5;458
"1527";149990;2009;"SUBARU";"FORESTER";170000;2,5;459
"1528";NA;NA;"SUV";NA;NA;2,5;459
"1529";NA;NA;"SUV";NA;NA;2,5;459
"1530";149990;2009;"SUBARU";"FORESTER";170000;2,5;460
"1531";NA;NA;"SUV";NA;NA;2,5;460
"1532";NA;NA;"SUV";NA;NA;2,5;460
"1533";149990;2009;"SUBARU";"FORESTER";170000;2,5;461
"1534";NA;NA;"SUV";NA;NA;2,5;461
"1535";NA;NA;"SUV";NA;NA;2,5;461
"1536";149990;2009;"SUBARU";"FORESTER";170000;2,5;462
"1537";NA;NA;"SUV";NA;NA;2,5;462
"1538";NA;NA;"SUV";NA;NA;2,5;462
"1539";149990;2009;"SUBARU";"FORESTER";170000;2,5;463
"1540";NA;NA;"SUV";NA;NA;2,5;463
"1541";NA;NA;"SUV";NA;NA;2,5;463
"1542";149990;2009;"SUBARU";"FORESTER";170000;2,5;464
"1543";NA;NA;"SUV";NA;NA;2,5;464
"1544";NA;NA;"SUV";NA;NA;2,5;464
"1545";149990;2009;"SUBARU";"FORESTER";170000;2,5;465
"1546";NA;NA;"SUV";NA;NA;2,5;465
"1547";NA;NA;"SUV";NA;NA;2,5;465
"1548";149990;2009;"SUBARU";"FORESTER";170000;2,5;466
"1549";NA;NA;"SUV";NA;NA;2,5;466
"1550";NA;NA;"SUV";NA;NA;2,5;466
"1551";149990;2009;"SUBARU";"FORESTER";170000;2,5;467
"1552";NA;NA;"SUV";NA;NA;2,5;467
"1553";NA;NA;"SUV";NA;NA;2,5;467
"1554";149990;2009;"SUBARU";"FORESTER";170000;2,5;468
"1555";NA;NA;"SUV";NA;NA;2,5;468
"1556";NA;NA;"SUV";NA;NA;2,5;468
"1557";149990;2009;"SUBARU";"FORESTER";170000;2,5;469
"1558";NA;NA;"SUV";NA;NA;2,5;469
"1559";NA;NA;"SUV";NA;NA;2,5;469
"1560";149990;2009;"SUBARU";"FORESTER";170000;2,5;470
"1561";NA;NA;"SUV";NA;NA;2,5;470
"1562";NA;NA;"SUV";NA;NA;2,5;470
"1563";149990;2009;"SUBARU";"FORESTER";170000;2,5;471
"1564";NA;NA;"SUV";NA;NA;2,5;471
"1565";NA;NA;"SUV";NA;NA;2,5;471
"1566";149990;2009;"SUBARU";"FORESTER";170000;2,5;472
"1567";NA;NA;"SUV";NA;NA;2,5;472
"1568";NA;NA;"SUV";NA;NA;2,5;472
"1569";149990;2009;"SUBARU";"FORESTER";170000;2,5;473
"1570";NA;NA;"SUV";NA;NA;2,5;473
"1571";NA;NA;"SUV";NA;NA;2,5;473
"1572";149990;2009;"SUBARU";"FORESTER";170000;2,5;474
"1573";NA;NA;"SUV";NA;NA;2,5;474
"1574";NA;NA;"SUV";NA;NA;2,5;474
"1575";149990;2009;"SUBARU";"FORESTER";170000;2,5;475
"1576";NA;NA;"SUV";NA;NA;2,5;475
"1577";NA;NA;"SUV";NA;NA;2,5;475
"1578";149990;2009;"SUBARU";"FORESTER";170000;2,5;476
"1579";NA;NA;"SUV";NA;NA;2,5;476
"1580";NA;NA;"SUV";NA;NA;2,5;476
"1581";149990;2009;"SUBARU";"FORESTER";170000;2,5;477
"1582";NA;NA;"SUV";NA;NA;2,5;477
"1583";NA;NA;"SUV";NA;NA;2,5;477
"1584";149990;2009;"SUBARU";"FORESTER";170000;2,5;478
"1585";NA;NA;"SUV";NA;NA;2,5;478
"1586";NA;NA;"SUV";NA;NA;2,5;478
"1587";149990;2009;"SUBARU";"FORESTER";170000;2,5;479
"1588";NA;NA;"SUV";NA;NA;2,5;479
"1589";NA;NA;"SUV";NA;NA;2,5;479
"1590";149990;2009;"SUBARU";"FORESTER";170000;2,5;480
"1591";NA;NA;"SUV";NA;NA;2,5;480
"1592";NA;NA;"SUV";NA;NA;2,5;480
"1593";149990;2009;"SUBARU";"FORESTER";170000;2,5;481
"1594";NA;NA;"SUV";NA;NA;2,5;481
"1595";NA;NA;"SUV";NA;NA;2,5;481
"1596";149990;2009;"SUBARU";"FORESTER";170000;2,5;482
"1597";NA;NA;"SUV";NA;NA;2,5;482
"1598";NA;NA;"SUV";NA;NA;2,5;482
"1599";149990;2009;"SUBARU";"FORESTER";170000;2,5;483
"1600";NA;NA;"SUV";NA;NA;2,5;483
"1601";NA;NA;"SUV";NA;NA;2,5;483
"1602";149990;2009;"SUBARU";"FORESTER";170000;2,5;484
"1603";NA;NA;"SUV";NA;NA;2,5;484
"1604";NA;NA;"SUV";NA;NA;2,5;484
"1605";149990;2009;"SUBARU";"FORESTER";170000;2,5;485
"1606";NA;NA;"SUV";NA;NA;2,5;485
"1607";NA;NA;"SUV";NA;NA;2,5;485
"1608";149990;2009;"SUBARU";"FORESTER";170000;2,5;486
"1609";NA;NA;"SUV";NA;NA;2,5;486
"1610";NA;NA;"SUV";NA;NA;2,5;486
"1611";149990;2009;"SUBARU";"FORESTER";170000;2,5;487
"1612";NA;NA;"SUV";NA;NA;2,5;487
"1613";NA;NA;"SUV";NA;NA;2,5;487
"1614";149990;2009;"SUBARU";"FORESTER";170000;2,5;488
"1615";NA;NA;"SUV";NA;NA;2,5;488
"1616";NA;NA;"SUV";NA;NA;2,5;488
"1617";149990;2009;"SUBARU";"FORESTER";170000;2,5;489
"1618";NA;NA;"SUV";NA;NA;2,5;489
"1619";NA;NA;"SUV";NA;NA;2,5;489
"1620";149990;2009;"SUBARU";"FORESTER";170000;2,5;490
"1621";NA;NA;"SUV";NA;NA;2,5;490
"1622";NA;NA;"SUV";NA;NA;2,5;490
"1623";149990;2009;"SUBARU";"FORESTER";170000;2,5;491
"1624";NA;NA;"SUV";NA;NA;2,5;491
"1625";NA;NA;"SUV";NA;NA;2,5;491
"1626";149990;2009;"SUBARU";"FORESTER";170000;2,5;492
"1627";NA;NA;"SUV";NA;NA;2,5;492
"1628";NA;NA;"SUV";NA;NA;2,5;492
"1629";149990;2009;"SUBARU";"FORESTER";170000;2,5;493
"1630";NA;NA;"SUV";NA;NA;2,5;493
"1631";NA;NA;"SUV";NA;NA;2,5;493
"1632";149990;2009;"SUBARU";"FORESTER";170000;2,5;494
"1633";NA;NA;"SUV";NA;NA;2,5;494
"1634";NA;NA;"SUV";NA;NA;2,5;494
"1635";149990;2009;"SUBARU";"FORESTER";170000;2,5;495
"1636";NA;NA;"SUV";NA;NA;2,5;495
"1637";NA;NA;"SUV";NA;NA;2,5;495
"1638";149990;2009;"SUBARU";"FORESTER";170000;2,5;496
"1639";NA;NA;"SUV";NA;NA;2,5;496
"1640";NA;NA;"SUV";NA;NA;2,5;496
"1641";149990;2009;"SUBARU";"FORESTER";170000;2,5;497
"1642";NA;NA;"SUV";NA;NA;2,5;497
"1643";NA;NA;"SUV";NA;NA;2,5;497
"1644";149990;2009;"SUBARU";"FORESTER";170000;2,5;498
"1645";NA;NA;"SUV";NA;NA;2,5;498
"1646";NA;NA;"SUV";NA;NA;2,5;498
"1647";149990;2009;"SUBARU";"FORESTER";170000;2,5;499
"1648";NA;NA;"SUV";NA;NA;2,5;499
"1649";NA;NA;"SUV";NA;NA;2,5;499
"1650";149990;2009;"SUBARU";"FORESTER";170000;2,5;500
"1651";NA;NA;"SUV";NA;NA;2,5;500
"1652";NA;NA;"SUV";NA;NA;2,5;500
